PROJECT_ID,SAMPLE_ID,blank_or_control,dna_region,domain,env_biome,env_feature,env_material,latitude,longitude
DCO_WAL,DCO_WAL_Bv6v4--Bering_1_Bv6v4,FALSE,v6v4,Bacteria,"marine biome",borehole,sediment,58.7,-178.56
DCO_WAL,DCO_WAL_Bv6v4--Bering_2_Bv6v4,FALSE,v6v4,Bacteria,"marine biome",borehole,sediment,58.7,-178.56
DCO_WAL,DCO_WAL_Bv6v4--Bering_3_Bv6v4,FALSE,v6v4,Bacteria,"marine biome",borehole,sediment,58.7,-178.56
DCO_WAL,DCO_WAL_Bv6v4--Bering_4_Bv6v4,FALSE,v6v4,Bacteria,"marine biome",borehole,sediment,58.7,-178.56
DCO_WAL,DCO_WAL_Bv6v4--Bering_5_Bv6v4,FALSE,v6v4,Bacteria,"marine biome",borehole,sediment,58.7,-178.56
DCO_WAL,DCO_WAL_Bv6v4--Bering_6_Bv6v4,FALSE,v6v4,Bacteria,"marine biome",borehole,sediment,58.7,-178.56
DCO_WAL,DCO_WAL_Bv6v4--Bering_7_Bv6v4,FALSE,v6v4,Bacteria,"marine biome",borehole,sediment,58.7,-178.56
DCO_WAL,DCO_WAL_Bv6v4--Bering_8_Bv6v4,FALSE,v6v4,Bacteria,"marine biome",borehole,sediment,58.7,-178.56
DCO_WAL,DCO_WAL_Av6v4--BS_1A,FALSE,v6v4,Archaea,"marine biome",borehole,sediment,58.70444,-178.56417
DCO_WAL,DCO_WAL_Av6v4--BS_2A,FALSE,v6v4,Archaea,"marine biome",borehole,sediment,58.70444,-178.56417
DCO_WAL,DCO_WAL_Av6v4--BS_3A,FALSE,v6v4,Archaea,"marine biome",borehole,sediment,58.70444,-178.56417
DCO_WAL,DCO_WAL_Av6v4--BS_4A,FALSE,v6v4,Archaea,"marine biome",borehole,sediment,58.70444,-178.56417
DCO_WAL,DCO_WAL_Av6v4--BS_5.5A,FALSE,v6v4,Archaea,"marine biome",borehole,sediment,58.70444,-178.56417
DCO_WAL,DCO_WAL_Av6v4--BS_5A,FALSE,v6v4,Archaea,"marine biome",borehole,sediment,58.70444,-178.56417
DCO_WAL,DCO_WAL_Av6v4--BS_6A,FALSE,v6v4,Archaea,"marine biome",borehole,sediment,58.70444,-178.56417
DCO_WAL,DCO_WAL_Av6v4--BS_7.5A,FALSE,v6v4,Archaea,"marine biome",borehole,sediment,58.70444,-178.56417
DCO_WAL,DCO_WAL_Av6v4--BS_7A,FALSE,v6v4,Archaea,"marine biome",borehole,sediment,58.70444,-178.56417
DCO_WAL,DCO_WAL_Av6v4--BS_8A,FALSE,v6v4,Archaea,"marine biome",borehole,sediment,58.70444,-178.56417
DCO_TCO,DCO_TCO_Bv6--BE326FW120711BH2,FALSE,v6,Bacteria,"terrestrial biome",borehole,water,-28.24,26.8
DCO_TCO,DCO_TCO_Bv6--BE326FW250111BH2,FALSE,v6,Bacteria,"terrestrial biome",borehole,water,-28.24,26.8
DCO_TCO,DCO_TCO_Bv6--BE326FW270712BH2,FALSE,v6,Bacteria,"terrestrial biome",borehole,water,-28.24,26.8
DCO_TCO,DCO_TCO_Bv6--DR5IPCFW280711,FALSE,v6,Bacteria,"terrestrial biome",borehole,water,-26.42,27.5
DCO_TCO,DCO_TCO_Bv6--FI88FW031012,FALSE,v6,Bacteria,"terrestrial biome",borehole,water,-28.38,23.45
DCO_TCO,DCO_TCO_Bv6--MM51940FW200712,FALSE,v6,Bacteria,"terrestrial biome",borehole,water,-27.98,26.88
DCO_TCO,DCO_TCO_Bv6--NO14FW130912,FALSE,v6,Bacteria,"terrestrial biome",borehole,water,-24.83,27.34
DCO_TCO,DCO_TCO_Bv6--TT109FW060311BH2,FALSE,v6,Bacteria,"terrestrial biome",borehole,water,-26.42,27.43
DCO_TAS,DCO_TAS_Bv4v5--S1_10,FALSE,v4v5,Bacteria,"terrestrial biome","volcanic crater",sediment,40.827049,14.141238
DCO_TAS,DCO_TAS_Bv4v5--S1_30,FALSE,v4v5,Bacteria,"terrestrial biome","volcanic crater",sediment,40.827049,14.141238
DCO_TAS,DCO_TAS_Bv4v5--S2_10,FALSE,v4v5,Bacteria,"terrestrial biome","volcanic crater",sediment,40.827049,14.141238
DCO_TAS,DCO_TAS_Bv4v5--S2_30,FALSE,v4v5,Bacteria,"terrestrial biome","volcanic crater",sediment,40.827049,14.141238
DCO_TAS,DCO_TAS_Bv4v5--S3_10,FALSE,v4v5,Bacteria,"terrestrial biome","volcanic crater",sediment,40.827049,14.141238
DCO_TAS,DCO_TAS_Bv4v5--S3_30,FALSE,v4v5,Bacteria,"terrestrial biome","volcanic crater",sediment,40.827049,14.141238
DCO_TAS,DCO_TAS_Bv4v5--S4_10,FALSE,v4v5,Bacteria,"terrestrial biome","volcanic crater",sediment,40.827049,14.141238
DCO_TAS,DCO_TAS_Bv4v5--S4_30,FALSE,v4v5,Bacteria,"terrestrial biome","volcanic crater",sediment,40.827049,14.141238
DCO_TAS,DCO_TAS_Bv4v5--S5_10,FALSE,v4v5,Bacteria,"terrestrial biome","volcanic crater",sediment,40.827049,14.141238
DCO_TAS,DCO_TAS_Bv4v5--S5_30,FALSE,v4v5,Bacteria,"terrestrial biome","volcanic crater",sediment,40.827049,14.141238
DCO_TAS,DCO_TAS_Bv4v5--S6_,FALSE,v4v5,Bacteria,"terrestrial biome","volcanic crater",sediment,40.827049,14.141238
DCO_TAS,DCO_TAS_Bv4v5--S7_,FALSE,v4v5,Bacteria,"terrestrial biome","volcanic crater",sediment,40.827049,14.141238
DCO_TAS,DCO_TAS_Av4v5--S1_10,FALSE,v4v5,Archaea,"terrestrial biome",volcano,sediment,40.827049,14.141238
DCO_TAS,DCO_TAS_Av4v5--S1_30,FALSE,v4v5,Archaea,"terrestrial biome",volcano,sediment,40.827049,14.141238
DCO_TAS,DCO_TAS_Av4v5--S2_10,FALSE,v4v5,Archaea,"terrestrial biome",volcano,sediment,40.827049,14.141238
DCO_TAS,DCO_TAS_Av4v5--S2_30,FALSE,v4v5,Archaea,"terrestrial biome",volcano,sediment,40.827049,14.141238
DCO_TAS,DCO_TAS_Av4v5--S3_10,FALSE,v4v5,Archaea,"terrestrial biome",volcano,sediment,40.827049,14.141238
DCO_TAS,DCO_TAS_Av4v5--S3_30,FALSE,v4v5,Archaea,"terrestrial biome",volcano,sediment,40.827049,14.141238
DCO_TAS,DCO_TAS_Av4v5--S4_10,FALSE,v4v5,Archaea,"terrestrial biome",volcano,sediment,40.827049,14.141238
DCO_TAS,DCO_TAS_Av4v5--S4_30,FALSE,v4v5,Archaea,"terrestrial biome",volcano,sediment,40.827049,14.141238
DCO_TAS,DCO_TAS_Av4v5--S5_10,FALSE,v4v5,Archaea,"terrestrial biome",volcano,sediment,40.827049,14.141238
DCO_TAS,DCO_TAS_Av4v5--S5_30,FALSE,v4v5,Archaea,"terrestrial biome",volcano,sediment,40.827049,14.141238
DCO_TAS,DCO_TAS_Av4v5--S6_,FALSE,v4v5,Archaea,"terrestrial biome",volcano,mud,40.827049,14.141238
DCO_TAS,DCO_TAS_Av4v5--S7_,FALSE,v4v5,Archaea,"terrestrial biome",volcano,mud,40.827049,14.141238
DCO_SYL,DCO_SYL_Bv6v4--1373_DF_Bac,FALSE,v6v4,Bacteria,"drilling bore water",borehole,water,-28.596,-173.28
DCO_SYL,DCO_SYL_Bv6v4--1374_14R_Bac,FALSE,v6v4,Bacteria,"marine biome",borehole,rock,-28.596,-173.381
DCO_SYL,DCO_SYL_Bv6v4--1374_20R_Bac,FALSE,v6v4,Bacteria,"marine biome",borehole,rock,-28.596,-173.381
DCO_SYL,DCO_SYL_Bv6v4--1374_27R_Bac,FALSE,v6v4,Bacteria,"marine biome",borehole,rock,-28.596,-173.381
DCO_SYL,DCO_SYL_Bv6v4--1374_31R_Bac,FALSE,v6v4,Bacteria,"marine biome",borehole,rock,-28.596,-173.381
DCO_SYL,DCO_SYL_Bv6v4--1374_38R_Bac,FALSE,v6v4,Bacteria,"marine biome",borehole,rock,-28.596,-173.381
DCO_SYL,DCO_SYL_Bv6v4--1374_52R_Bac,FALSE,v6v4,Bacteria,"marine biome",borehole,rock,-28.596,-173.381
DCO_SYL,DCO_SYL_Bv6v4--1374_58R_Bac,FALSE,v6v4,Bacteria,"marine biome",borehole,rock,-28.596,-173.381
DCO_SYL,DCO_SYL_Bv6v4--1374_68R_Bac,FALSE,v6v4,Bacteria,"marine biome",borehole,rock,-28.596,-173.381
DCO_SYL,DCO_SYL_Bv6v4--1374_8R_Bac,FALSE,v6v4,Bacteria,"marine biome",borehole,rock,-28.596,-173.381
DCO_SYL,DCO_SYL_Bv6v4--1376_04R_Bac,FALSE,v6v4,Bacteria,"marine biome",borehole,rock,-32.217,-171.881
DCO_SYL,DCO_SYL_Bv6v4--1376_07R_Bac,FALSE,v6v4,Bacteria,"marine biome",borehole,rock,-32.217,-171.881
DCO_SYL,DCO_SYL_Bv6v4--1376_16R_Bac,FALSE,v6v4,Bacteria,"marine biome",borehole,rock,-32.217,-171.881
DCO_SYL,DCO_SYL_Bv6v4--1376_17R_Bac,FALSE,v6v4,Bacteria,"marine biome",borehole,rock,-32.217,-171.881
DCO_SYL,DCO_SYL_Bv6v4--1376_19R_Bac,FALSE,v6v4,Bacteria,"marine biome",borehole,rock,-32.217,-171.881
DCO_SYL,DCO_SYL_Bv6v4--1376_23R,FALSE,v6v4,Bacteria,"marine biome",borehole,rock,-32.217,-171.881
DCO_SHER,DCO_SHER_Bv4v5--Kidd_Creek_SW_2015,FALSE,v4v5,Bacteria,"terrestrial biome",mine,water,48.46,-81.27
DCO_RUS,DCO_RUS_Bv4v5--4_D,FALSE,v4v5,Bacteria,"marine biome","continental margin",sediment,37.646,10.273
DCO_RUS,DCO_RUS_Bv4v5--6_D,FALSE,v4v5,Bacteria,"marine biome","continental margin",sediment,37.646,10.273
DCO_RUS,DCO_RUS_Bv4v5--6_H,FALSE,v4v5,Bacteria,"marine biome","continental margin",sediment,37.646,10.273
DCO_RUS,DCO_RUS_Bv4v5--8_D,FALSE,v4v5,Bacteria,"marine biome","continental margin",sediment,37.646,10.273
DCO_RUS,DCO_RUS_Bv4v5--O_12,FALSE,v4v5,Bacteria,"marine biome",estuary,sediment,38.7,-75.16
DCO_RUS,DCO_RUS_Bv4v5--O_3,FALSE,v4v5,Bacteria,"marine biome",estuary,sediment,38.7,-75.16
DCO_RUS,DCO_RUS_Av4v5--O_12,FALSE,v4v5,Archaea,"marine biome",estuary,sediment,38.7,-75.16
DCO_RUS,DCO_RUS_Av4v5--O_3,FALSE,v4v5,Archaea,"marine biome",estuary,sediment,38.7,-75.16
DCO_RAM,DCO_RAM_Bv6v4--MSM16_2_809_1_MUC,FALSE,v6v4,Bacteria,"marine biome",volcano,sediment,72.003,14.732
DCO_RAM,DCO_RAM_Bv6v4--MSM16_2_823_1_MUC,FALSE,v6v4,Bacteria,"marine biome",volcano,sediment,72.003,14.732
DCO_RAM,DCO_RAM_Bv6v4--MSM16_2_838_1_MUC,FALSE,v6v4,Bacteria,"marine biome",volcano,sediment,72.005,14.726
DCO_RAM,DCO_RAM_Bv6v4--MSM16_2_847_1_MUC,FALSE,v6v4,Bacteria,"marine biome",volcano,sediment,72.004,14.727
DCO_RAM,DCO_RAM_Bv6v4--MSM16_2_855_1_MUC,FALSE,v6v4,Bacteria,"marine biome",volcano,sediment,72.004,14.73
DCO_RAM,DCO_RAM_Bv6v4--PS64_312_1_MUC,FALSE,v6v4,Bacteria,"marine biome",volcano,sediment,72.004,14.725
DCO_RAM,DCO_RAM_Bv6v4--PS64_317_PUC_17,FALSE,v6v4,Bacteria,"marine biome",volcano,sediment,72.003,14.731
DCO_RAM,DCO_RAM_Bv6v4--PS64_326_PUC_12,FALSE,v6v4,Bacteria,"marine biome",volcano,sediment,72.001,14.719
DCO_RAM,DCO_RAM_Bv6v4--PS64_332_1_GC,FALSE,v6v4,Bacteria,"marine biome",volcano,sediment,72.005,14.726
DCO_RAM,DCO_RAM_Bv6v4--PS64_336_1_GC,FALSE,v6v4,Bacteria,"marine biome",volcano,sediment,72.0,14.726
DCO_RAM,DCO_RAM_Bv6v4--PS64_371_1_GC,FALSE,v6v4,Bacteria,"marine biome",volcano,sediment,72.003,14.731
DCO_RAM,DCO_RAM_Bv6v4--PS64_372_1_GC,FALSE,v6v4,Bacteria,"marine biome",volcano,sediment,72.004,14.727
DCO_RAM,DCO_RAM_Bv6v4--PS64_373_1_GC,FALSE,v6v4,Bacteria,"marine biome",volcano,sediment,72.003,14.728
DCO_RAM,DCO_RAM_Bv6v4--PS74_2_168_1_MUC,FALSE,v6v4,Bacteria,"marine biome",volcano,sediment,72.005,14.724
DCO_RAM,DCO_RAM_Bv6v4--PS74_2_169_1_PUC3,FALSE,v6v4,Bacteria,"marine biome",volcano,sediment,72.005,14.726
DCO_RAM,DCO_RAM_Bv6v4--PS74_2_172_1_PUC131,FALSE,v6v4,Bacteria,"marine biome",volcano,sediment,72.005,14.726
DCO_RAM,DCO_RAM_Av6v4--MSM16_2_809_1_MUC,FALSE,v6v4,Archaea,"marine biome",seep,sediment,72.003,14.732
DCO_RAM,DCO_RAM_Av6v4--MSM16_2_823_1_MUC,FALSE,v6v4,Archaea,"marine biome",seep,sediment,72.003,14.732
DCO_RAM,DCO_RAM_Av6v4--MSM16_2_838_1_MUC,FALSE,v6v4,Archaea,"marine biome",seep,sediment,72.005,14.726
DCO_RAM,DCO_RAM_Av6v4--MSM16_2_847_1_MUC,FALSE,v6v4,Archaea,"marine biome",seep,sediment,72.004,14.727
DCO_RAM,DCO_RAM_Av6v4--MSM16_2_855_1_MUC,FALSE,v6v4,Archaea,"marine biome",seep,sediment,72.004,14.73
DCO_RAM,DCO_RAM_Av6v4--PS64_312_1_MUC,FALSE,v6v4,Archaea,"marine biome",seep,sediment,72.004,14.725
DCO_RAM,DCO_RAM_Av6v4--PS64_317_PUC_17,FALSE,v6v4,Archaea,"marine biome",seep,sediment,72.003,14.731
DCO_RAM,DCO_RAM_Av6v4--PS64_326_PUC_12,FALSE,v6v4,Archaea,"marine biome",seep,sediment,72.001,14.719
DCO_RAM,DCO_RAM_Av6v4--PS64_332_1_GC,FALSE,v6v4,Archaea,"marine biome",seep,sediment,72.005,14.726
DCO_RAM,DCO_RAM_Av6v4--PS64_336_1_GC,FALSE,v6v4,Archaea,"marine biome",seep,sediment,72.0,14.726
DCO_RAM,DCO_RAM_Av6v4--PS64_371_1_GC,FALSE,v6v4,Archaea,"marine biome",seep,sediment,72.003,14.731
DCO_RAM,DCO_RAM_Av6v4--PS64_372_1_GC,FALSE,v6v4,Archaea,"marine biome",seep,sediment,72.004,14.727
DCO_RAM,DCO_RAM_Av6v4--PS64_373_1_GC,FALSE,v6v4,Archaea,"marine biome",seep,sediment,72.003,14.728
DCO_RAM,DCO_RAM_Av6v4--PS74_2_168_1_MUC,FALSE,v6v4,Archaea,"marine biome",seep,sediment,72.005,14.724
DCO_RAM,DCO_RAM_Av6v4--PS74_2_169_1_PUC3,FALSE,v6v4,Archaea,"marine biome",seep,sediment,72.005,14.726
DCO_RAM,DCO_RAM_Av6v4--PS74_2_172_1_PUC131,FALSE,v6v4,Archaea,"marine biome",seep,sediment,72.005,14.726
DCO_PED,DCO_PED_Bv6v4--KA2198A_Prov_1,FALSE,v6v4,Bacteria,"terrestrial biome",aquifer,water,57.4344,16.66
DCO_PED,DCO_PED_Bv6v4--KA3110A_2,FALSE,v6v4,Bacteria,"terrestrial biome",aquifer,water,57.4344,16.66
DCO_PED,DCO_PED_Bv6v4--KA3385A_2,FALSE,v6v4,Bacteria,"terrestrial biome",aquifer,water,57.4344,16.66
DCO_PED,DCO_PED_Bv6v4--KA3510A_Prov_1,FALSE,v6v4,Bacteria,"terrestrial biome",aquifer,water,57.4344,16.66
DCO_PED,DCO_PED_Bv6v4--KF0069A01_2,FALSE,v6v4,Bacteria,"terrestrial biome",aquifer,water,57.4344,16.66
DCO_PED,DCO_PED_Bv6v4--KJ0052F01_100L,FALSE,v6v4,Bacteria,"terrestrial biome",aquifer,water,57.4344,16.66
DCO_PED,DCO_PED_Bv6v4--ONK_KR15,FALSE,v6v4,Bacteria,"terrestrial biome",aquifer,water,61.2369,21.4408
DCO_PED,DCO_PED_Bv6v4--ONK_KR15_2,FALSE,v6v4,Bacteria,"terrestrial biome",aquifer,water,61.2369,21.4408
DCO_PED,DCO_PED_Bv6v4--ONK_PVA06_2,FALSE,v6v4,Bacteria,"terrestrial biome",aquifer,water,61.2369,21.4408
DCO_PED,DCO_PED_Bv6v4--ONK_PVA1,FALSE,v6v4,Bacteria,"terrestrial biome",aquifer,water,61.2369,21.4408
DCO_PED,DCO_PED_Bv6v4--ONK_PVA10,FALSE,v6v4,Bacteria,"terrestrial biome",aquifer,water,61.2369,21.4408
DCO_PED,DCO_PED_Bv6v4--ONK_PVA3,FALSE,v6v4,Bacteria,"terrestrial biome",aquifer,water,61.2369,21.4408
DCO_PED,DCO_PED_Bv6v4--ONK_PVA5,FALSE,v6v4,Bacteria,"terrestrial biome",aquifer,water,61.2369,21.4408
DCO_PED,DCO_PED_Bv6v4--ONK_PVA6,FALSE,v6v4,Bacteria,"terrestrial biome",aquifer,water,61.2369,21.4408
DCO_PED,DCO_PED_Bv6v4--SURE2_C1_3_1_cell2,FALSE,v6v4,Bacteria,"terrestrial biome",aquifer,water,61.2369,21.4408
DCO_PED,DCO_PED_Bv6v4--SURE2_P7_S1,FALSE,v6v4,Bacteria,"terrestrial biome",aquifer,water,61.2369,21.4408
DCO_PED,DCO_PED_Bv6v4--SURE2_P7_S2,FALSE,v6v4,Bacteria,"terrestrial biome",aquifer,water,61.2369,21.4408
DCO_PED,DCO_PED_Bv6v4--SURE2_P7_S3,FALSE,v6v4,Bacteria,"terrestrial biome",aquifer,water,61.2369,21.4408
DCO_PED,DCO_PED_Bv6--OL_KR55,FALSE,v6,Bacteria,"terrestrial biome",rock,rock,61.2369,21.4408
DCO_PED,DCO_PED_Bv6--OL_KR56,FALSE,v6,Bacteria,"terrestrial biome",rock,rock,61.2369,21.4408
DCO_PED,DCO_PED_Bv6--ONK_PVA08,FALSE,v6,Bacteria,"terrestrial biome",rock,rock,61.2369,21.4408
DCO_PED,DCO_PED_Bv6--SURE3_C1_1,FALSE,v6,Bacteria,"terrestrial biome",rock,rock,57.4344,16.66
DCO_PED,DCO_PED_Bv6--SURE3_C2_2_3_1,FALSE,v6,Bacteria,"terrestrial biome",rock,rock,57.4344,16.66
DCO_PED,DCO_PED_Av6--KA3110A_2,FALSE,v6,Archaea,"terrestrial biome",borehole,water,57.4344,16.66
DCO_PED,DCO_PED_Av6--KA3385A_2,FALSE,v6,Archaea,"terrestrial biome",borehole,water,57.4344,16.66
DCO_PED,DCO_PED_Av6--ONK_KR15,FALSE,v6,Archaea,"terrestrial biome",borehole,water,61.2369,21.4408
DCO_PED,DCO_PED_Av6--ONK_KR15_2,FALSE,v6,Archaea,"terrestrial biome",borehole,water,61.2369,21.4408
DCO_PED,DCO_PED_Av6--ONK_PVA06_2,FALSE,v6,Archaea,"terrestrial biome",borehole,water,61.2369,21.4408
DCO_PED,DCO_PED_Av6--ONK_PVA1,FALSE,v6,Archaea,"terrestrial biome",borehole,water,61.2369,21.4408
DCO_PED,DCO_PED_Av6--ONK_PVA10,FALSE,v6,Archaea,"terrestrial biome",borehole,water,61.2369,21.4408
DCO_ORC,DCO_ORC_Bv6v4--JdF16R2,FALSE,v6v4,Bacteria,"marine biome",borehole,rock,47.76103,-127.7612
DCO_ORC,DCO_ORC_Bv6v4--JdF21R1A,FALSE,v6v4,Bacteria,"marine biome",borehole,rock,47.76103,-127.7612
DCO_ORC,DCO_ORC_Bv6v4--JdF21R1B,FALSE,v6v4,Bacteria,"marine biome",borehole,rock,47.76103,-127.7612
DCO_ORC,DCO_ORC_Bv6v4--JdF4H2,FALSE,v6v4,Bacteria,"marine biome",borehole,sediment,47.28877,-128.03562
DCO_ORC,DCO_ORC_Bv6v4--JdF4HCC,FALSE,v6v4,Bacteria,"marine biome",borehole,sediment,47.28877,-128.03562
DCO_ORC,DCO_ORC_Bv6v4--JdF5X1,FALSE,v6v4,Bacteria,"marine biome",borehole,sediment,47.289197,-128.0351
DCO_ORC,DCO_ORC_Bv6v4--JdF8X2,FALSE,v6v4,Bacteria,"marine biome",borehole,sediment,47.289197,-128.0351
DCO_ORC,DCO_ORC_Bv6v4--JdF8X5,FALSE,v6v4,Bacteria,"marine biome",borehole,sediment,47.289197,-128.0351
DCO_ORC,DCO_ORC_Bv6v4--JdFback,FALSE,v6v4,Bacteria,"marine biome",borehole,water,47.292873,-128.029332
DCO_ORC,DCO_ORC_Bv6v4--NP13501,FALSE,v6v4,Bacteria,"marine biome",borehole,sediment,22.78,-46.11
DCO_ORC,DCO_ORC_Bv6v4--NP13504,FALSE,v6v4,Bacteria,"marine biome",borehole,sediment,22.83,-46.05
DCO_ORC,DCO_ORC_Bv6v4--Orc4H1,FALSE,v6v4,Bacteria,"marine biome",borehole,sediment,47.28877,-128.03562
DCO_ORC,DCO_ORC_Bv6v4--Orc4H3_upper,FALSE,v6v4,Bacteria,"marine biome",borehole,sediment,47.28877,-128.03562
DCO_ORC,DCO_ORC_Bv6--IODP_X336_U1383C_11R,FALSE,v6,Bacteria,"marine biome",borehole,rock,22.80221,-46.05259
DCO_ORC,DCO_ORC_Bv6--IODP_X336_U1383C_24R,FALSE,v6,Bacteria,"marine biome",borehole,rock,22.80221,-46.05259
DCO_ORC,DCO_ORC_Bv6--IODP_X336_U1383C_30R,FALSE,v6,Bacteria,"marine biome",borehole,rock,22.80221,-46.05259
DCO_ORC,DCO_ORC_Av6--IODP_X327_U1362A_21R1A,FALSE,v6,Archaea,"marine biome",borehole,rock,47.76105,-127.7612
DCO_ORC,DCO_ORC_Av6--IODP_X327_U1363D_6XCC,FALSE,v6,Archaea,"marine biome",borehole,rock,47.29287,-128.02933
DCO_ORC,DCO_ORC_Av6--IODP_X336_U1382B_10H4,FALSE,v6,Archaea,"marine biome",borehole,sediment,22.75547,-46.08125
DCO_ORC,DCO_ORC_Av6--IODP_X336_U1382B_1H3,FALSE,v6,Archaea,"marine biome",borehole,sediment,22.75547,-46.08125
DCO_ORC,DCO_ORC_Av6--IODP_X336_U1382B_2H2,FALSE,v6,Archaea,"marine biome",borehole,sediment,22.75547,-46.08125
DCO_ORC,DCO_ORC_Av6--IODP_X336_U1382B_2H4,FALSE,v6,Archaea,"marine biome",borehole,sediment,22.75547,-46.08125
DCO_ORC,DCO_ORC_Av6--IODP_X336_U1382B_4H4,FALSE,v6,Archaea,"marine biome",borehole,sediment,22.75547,-46.08125
DCO_ORC,DCO_ORC_Av6--IODP_X336_U1382B_7H6,FALSE,v6,Archaea,"marine biome",borehole,sediment,22.75547,-46.08125
DCO_ORC,DCO_ORC_Av6--IODP_X336_U1382B_8H6,FALSE,v6,Archaea,"marine biome",borehole,sediment,22.75547,-46.08125
DCO_ORC,DCO_ORC_Av6--IODP_X336_U1383C_11R,FALSE,v6,Archaea,"marine biome",borehole,rock,22.80221,-46.05259
DCO_ORC,DCO_ORC_Av6--IODP_X336_U1383C_24R,FALSE,v6,Archaea,"marine biome",borehole,rock,22.80221,-46.05259
DCO_ORC,DCO_ORC_Av6--IODP_X336_U1383C_30R,FALSE,v6,Archaea,"marine biome",borehole,rock,22.80221,-46.05259
DCO_ONS,DCO_ONS_Bv4v5--B_BE326FW010813_cap,FALSE,v4v5,Bacteria,"terrestrial biome","geological fracture",water,28.24,26.796
DCO_ONS,DCO_ONS_Bv4v5--B_BE326FW010813_cap_2,FALSE,v4v5,Bacteria,"terrestrial biome","geological fracture",water,28.24,26.796
DCO_ONS,DCO_ONS_Bv4v5--B_BE326FW080813_cap,FALSE,v4v5,Bacteria,"terrestrial biome","geological fracture",water,28.24,26.796
DCO_ONS,DCO_ONS_Bv4v5--B_BE326FW080813_cap_2,FALSE,v4v5,Bacteria,"terrestrial biome","geological fracture",water,28.24,26.796
DCO_ONS,DCO_ONS_Bv4v5--B_BE326FW150813_MF,FALSE,v4v5,Bacteria,"terrestrial biome","geological fracture",water,28.24,26.796
DCO_ONS,DCO_ONS_Bv4v5--B_BE326FW150813_MF_2,FALSE,v4v5,Bacteria,"terrestrial biome","geological fracture",water,28.24,26.796
DCO_ONS,DCO_ONS_Bv4v5--B_BE326FW150813_cap,FALSE,v4v5,Bacteria,"terrestrial biome","geological fracture",water,28.24,26.796
DCO_ONS,DCO_ONS_Bv4v5--B_BE326FW150813_cap_2,FALSE,v4v5,Bacteria,"terrestrial biome","geological fracture",water,28.24,26.796
DCO_ONS,DCO_ONS_Bv4v5--B_BE326FW250111,FALSE,v4v5,Bacteria,"terrestrial biome","geological fracture",water,28.24,26.796
DCO_ONS,DCO_ONS_Bv4v5--B_BE326FW270712,FALSE,v4v5,Bacteria,"terrestrial biome","geological fracture",water,28.24,26.796
DCO_ONS,DCO_ONS_Bv4v5--B_DR5IPC280513,FALSE,v4v5,Bacteria,"terrestrial biome","geological fracture",water,26.42,27.504
DCO_ONS,DCO_ONS_Bv4v5--B_DR5IPC280711,FALSE,v4v5,Bacteria,"terrestrial biome","geological fracture",water,26.42,27.504
DCO_ONS,DCO_ONS_Av4v5--A_BE326FW010813_cap,FALSE,v4v5,Archaea,"terrestrial biome","geological fracture",water,28.24,26.796
DCO_ONS,DCO_ONS_Av4v5--A_BE326FW080813_cap,FALSE,v4v5,Archaea,"terrestrial biome","geological fracture",water,28.24,26.796
DCO_ONS,DCO_ONS_Av4v5--A_BE326FW150813MF,FALSE,v4v5,Archaea,"terrestrial biome","geological fracture",water,28.24,26.796
DCO_ONS,DCO_ONS_Av4v5--A_BE326FW150813_cap,FALSE,v4v5,Archaea,"terrestrial biome","geological fracture",water,28.24,26.796
DCO_ONS,DCO_ONS_Av4v5--A_BE326FW250111,FALSE,v4v5,Archaea,"terrestrial biome","geological fracture",water,28.24,26.796
DCO_ONS,DCO_ONS_Av4v5--A_BE326FW270712,FALSE,v4v5,Archaea,"terrestrial biome","geological fracture",water,28.24,26.796
DCO_ONS,DCO_ONS_Av4v5--A_DR5IPC280513,FALSE,v4v5,Archaea,"terrestrial biome","geological fracture",water,26.42,27.504
DCO_ONS,DCO_ONS_Av4v5--A_DR5IPC280711,FALSE,v4v5,Archaea,"terrestrial biome","geological fracture",water,26.42,27.504
DCO_MOS,DCO_MOS_Bv6v4--BLM_1B,FALSE,v6v4,Bacteria,"terrestrial biome",well,water,36.40116667,-116.468
DCO_MOS,DCO_MOS_Bv6v4--ER_EC_11,FALSE,v6v4,Bacteria,"terrestrial biome",well,water,37.2,-116.48
DCO_MOS,DCO_MOS_Bv6v4--Nevares_DW2B,FALSE,v6v4,Bacteria,"terrestrial biome",well,water,36.5073,-116.81967
DCO_MOS,DCO_MOS_Bv6v4--U12N_10_tunnel,FALSE,v6v4,Bacteria,"terrestrial biome",mine,water,37.21,-116.21
DCO_MOS,DCO_MOS_Av6v4--BLM_1A,FALSE,v6v4,Archaea,"terrestrial biome",well,water,36.40116667,-116.468
DCO_LOIH,DCO_LOIH_Bv4v5--J674black_Bv4v5,FALSE,v4v5,Bacteria,"marine biome","hydrothermal vent",water,18.906,-155.257
DCO_LOIH,DCO_LOIH_Bv4v5--J675yellow_Bv4v5,FALSE,v4v5,Bacteria,"marine biome","hydrothermal vent",water,18.906,-155.257
DCO_LOIH,DCO_LOIH_Bv4v5--J676black_Bv4v5,FALSE,v4v5,Bacteria,"marine biome","hydrothermal vent",water,18.906,-155.257
DCO_LOIH,DCO_LOIH_Av4v5--J2_672_BM1_B12345,FALSE,v4v5,Archaea,"marine biome","hydrothermal vent",water,18.906,-155.257
DCO_LOIH,DCO_LOIH_Av4v5--J2_674_Scoop_2,FALSE,v4v5,Archaea,"marine biome","hydrothermal vent",water,18.906,-155.257
DCO_LOIH,DCO_LOIH_Av4v5--J672black_Av4v5,FALSE,v4v5,Archaea,"marine biome","hydrothermal vent",water,18.906,-155.257
DCO_LOIH,DCO_LOIH_Av4v5--J672yellow_Av4v5,FALSE,v4v5,Archaea,"marine biome","hydrothermal vent",water,18.906,-155.257
DCO_LOIH,DCO_LOIH_Av4v5--J675yellow_Av4v5,FALSE,v4v5,Archaea,"marine biome","hydrothermal vent",water,18.906,-155.257
DCO_LOIH,DCO_LOIH_Av4v5--J676black_Av4v5,FALSE,v4v5,Archaea,"marine biome","hydrothermal vent",water,18.906,-155.257
DCO_LOIH,DCO_LOIH_Av4v5--J676red_Av4v5,FALSE,v4v5,Archaea,"marine biome","hydrothermal vent",water,18.906,-155.257
DCO_LIN,DCO_LIN_Bv6--TWNCO2_1518m,FALSE,v6,Bacteria,"terrestrial biome",borehole,rock,24.093,120.389
DCO_LIN,DCO_LIN_Bv6--TWNCO2_1520m,FALSE,v6,Bacteria,"terrestrial biome",borehole,rock,24.093,120.389
DCO_LIN,DCO_LIN_Bv6--TWNCO2_1564m,FALSE,v6,Bacteria,"terrestrial biome",borehole,rock,24.093,120.389
DCO_LIN,DCO_LIN_Bv6--TWNCO2_1614m,FALSE,v6,Bacteria,"terrestrial biome",borehole,rock,24.093,120.389
DCO_LIN,DCO_LIN_Bv6--TWNCO2_1675m,FALSE,v6,Bacteria,"terrestrial biome",borehole,rock,24.093,120.389
DCO_LIN,DCO_LIN_Bv6--TWNCO2_1733m,FALSE,v6,Bacteria,"terrestrial biome",borehole,rock,24.093,120.389
DCO_LIN,DCO_LIN_Bv6--TWNCO2_1788m,FALSE,v6,Bacteria,"terrestrial biome",borehole,rock,24.093,120.389
DCO_LIN,DCO_LIN_Bv6--TWNCO2_1814m,FALSE,v6,Bacteria,"terrestrial biome",borehole,rock,24.093,120.389
DCO_LIN,DCO_LIN_Bv6--TWNCO2_1909m,FALSE,v6,Bacteria,"terrestrial biome",borehole,rock,24.093,120.389
DCO_LIN,DCO_LIN_Bv6--TWNCO2_1956m,FALSE,v6,Bacteria,"terrestrial biome",borehole,rock,24.093,120.389
DCO_LIN,DCO_LIN_Bv6--TWNCO2_2003m,FALSE,v6,Bacteria,"terrestrial biome",borehole,rock,24.093,120.389
DCO_LIN,DCO_LIN_Bv6--TWNCO2_2056m,FALSE,v6,Bacteria,"terrestrial biome",borehole,rock,24.093,120.389
DCO_LIN,DCO_LIN_Bv6--TWNCO2_2108m,FALSE,v6,Bacteria,"terrestrial biome",borehole,rock,24.093,120.389
DCO_LIN,DCO_LIN_Bv6--TWNCO2_2172m,FALSE,v6,Bacteria,"terrestrial biome",borehole,rock,24.093,120.389
DCO_LIN,DCO_LIN_Bv6--TWNCO2_2224m,FALSE,v6,Bacteria,"terrestrial biome",borehole,rock,24.093,120.389
DCO_LIN,DCO_LIN_Bv6--TWNCO2_2273m,FALSE,v6,Bacteria,"terrestrial biome",borehole,rock,24.093,120.389
DCO_LIN,DCO_LIN_Bv6--TWNCO2_2325m,FALSE,v6,Bacteria,"terrestrial biome",borehole,rock,24.093,120.389
DCO_LIN,DCO_LIN_Bv6--TWNCO2_2397m,FALSE,v6,Bacteria,"terrestrial biome",borehole,rock,24.093,120.389
DCO_LIN,DCO_LIN_Bv6--TWNCO2_2419m,FALSE,v6,Bacteria,"terrestrial biome",borehole,rock,24.093,120.389
DCO_LIN,DCO_LIN_Bv6--TWNCO2_2465m,FALSE,v6,Bacteria,"terrestrial biome",borehole,rock,24.093,120.389
DCO_LIN,DCO_LIN_Bv6--TWNCO2_2496m,FALSE,v6,Bacteria,"terrestrial biome",borehole,rock,24.093,120.389
DCO_LIN,DCO_LIN_Bv6--TWNCO2_2547m,FALSE,v6,Bacteria,"terrestrial biome",borehole,rock,24.093,120.389
DCO_LIN,DCO_LIN_Bv6--TWNCO2_2616m,FALSE,v6,Bacteria,"terrestrial biome",borehole,rock,24.093,120.389
DCO_LIN,DCO_LIN_Bv6--TWNCO2_2659m,FALSE,v6,Bacteria,"terrestrial biome",borehole,rock,24.093,120.389
DCO_LAZ,DCO_LAZ_Bv4v5--PC1A,FALSE,v4v5,Bacteria,"marine biome","marine hydrothermal vent",sediment,9.078,87.096
DCO_LAZ,DCO_LAZ_Bv4v5--PC2A,FALSE,v4v5,Bacteria,"marine biome","marine hydrothermal vent",sediment,9.081,87.094
DCO_LAZ,DCO_LAZ_Bv4v5--PC2B,FALSE,v4v5,Bacteria,"marine biome","marine hydrothermal vent",sediment,9.081,87.093
DCO_LAZ,DCO_LAZ_Bv4v5--PC2C,FALSE,v4v5,Bacteria,"marine biome","marine hydrothermal vent",sediment,9.081,87.093
DCO_LAZ,DCO_LAZ_Bv4v5--PC2D,FALSE,v4v5,Bacteria,"marine biome","marine hydrothermal vent",sediment,9.077,87.091
DCO_LAZ,DCO_LAZ_Bv4v5--PC3A,FALSE,v4v5,Bacteria,"marine biome","marine hydrothermal vent",sediment,9.089,87.1
DCO_LAZ,DCO_LAZ_Bv4v5--PC3B,FALSE,v4v5,Bacteria,"marine biome","marine hydrothermal vent",sediment,9.089,87.1
DCO_LAZ,DCO_LAZ_Bv4v5--PC3C,FALSE,v4v5,Bacteria,"marine biome","marine hydrothermal vent",sediment,9.089,87.1
DCO_LAZ,DCO_LAZ_Bv4v5--PC4A,FALSE,v4v5,Bacteria,"marine biome","marine hydrothermal vent",sediment,9.086,87.1
DCO_LAZ,DCO_LAZ_Bv4v5--PC4B,FALSE,v4v5,Bacteria,"marine biome","marine hydrothermal vent",sediment,9.086,87.1
DCO_LAZ,DCO_LAZ_Av4v5--PC1A,FALSE,v4v5,Archaea,"marine biome","marine hydrothermal vent",sediment,9.078,87.096
DCO_LAZ,DCO_LAZ_Av4v5--PC2A,FALSE,v4v5,Archaea,"marine biome","marine hydrothermal vent",sediment,9.081,87.094
DCO_LAZ,DCO_LAZ_Av4v5--PC2B,FALSE,v4v5,Archaea,"marine biome","marine hydrothermal vent",sediment,9.081,87.093
DCO_LAZ,DCO_LAZ_Av4v5--PC2C,FALSE,v4v5,Archaea,"marine biome","marine hydrothermal vent",sediment,9.081,87.093
DCO_LAZ,DCO_LAZ_Av4v5--PC2D,FALSE,v4v5,Archaea,"marine biome","marine hydrothermal vent",sediment,9.077,87.091
DCO_LAZ,DCO_LAZ_Av4v5--PC3A,FALSE,v4v5,Archaea,"marine biome","marine hydrothermal vent",sediment,9.089,87.1
DCO_LAZ,DCO_LAZ_Av4v5--PC3B,FALSE,v4v5,Archaea,"marine biome","marine hydrothermal vent",sediment,9.089,87.1
DCO_LAZ,DCO_LAZ_Av4v5--PC3C,FALSE,v4v5,Archaea,"marine biome","marine hydrothermal vent",sediment,9.089,87.1
DCO_LAZ,DCO_LAZ_Av4v5--PC4A,FALSE,v4v5,Archaea,"marine biome","marine hydrothermal vent",sediment,9.086,87.1
DCO_LAZ,DCO_LAZ_Av4v5--PC4B,FALSE,v4v5,Archaea,"marine biome","marine hydrothermal vent",sediment,9.086,87.1
DCO_LAV,DCO_LAV_Bv6v4--Wallulua_2009_213,FALSE,v6v4,Bacteria,"terrestrial biome",borehole,water,46.105324,-118.916359
DCO_LAV,DCO_LAV_Bv6v4--Wallulua_2009_220,FALSE,v6v4,Bacteria,"terrestrial biome",borehole,water,46.105324,-118.916359
DCO_LAV,DCO_LAV_Bv6v4--Wallulua_2009_31,FALSE,v6v4,Bacteria,"terrestrial biome",borehole,water,46.105324,-118.916359
DCO_LAV,DCO_LAV_Bv6v4--Wallulua_2009_39,FALSE,v6v4,Bacteria,"terrestrial biome",borehole,water,46.105324,-118.916359
DCO_LAV,DCO_LAV_Bv6v4--Wallulua_2009_413,FALSE,v6v4,Bacteria,"terrestrial biome",borehole,water,46.105324,-118.916359
DCO_LAV,DCO_LAV_Bv6v4--Wallulua_2011_34,FALSE,v6v4,Bacteria,"terrestrial biome",borehole,water,46.1,-118.916359
DCO_LAV,DCO_LAV_Av6v4--Wallulua_2009_213,FALSE,v6v4,Archaea,"terrestrial biome",borehole,water,46.105324,-118.916359
DCO_LAV,DCO_LAV_Av6v4--Wallulua_2009_220,FALSE,v6v4,Archaea,"terrestrial biome",borehole,water,46.105324,-118.916359
DCO_LAV,DCO_LAV_Av6v4--Wallulua_2009_31,FALSE,v6v4,Archaea,"terrestrial biome",borehole,water,46.105324,-118.916359
DCO_LAV,DCO_LAV_Av6v4--Wallulua_2009_39,FALSE,v6v4,Archaea,"terrestrial biome",borehole,water,46.105324,-118.916359
DCO_LAV,DCO_LAV_Av6v4--Wallulua_2009_413,FALSE,v6v4,Archaea,"terrestrial biome",borehole,water,46.105324,-118.916359
DCO_LAV,DCO_LAV_Av6v4--Wallulua_2011_34,FALSE,v6v4,Archaea,"terrestrial biome",borehole,water,46.105324,-118.916359
DCO_HIN,DCO_HIN_Bv6v4--BS_15105_2_147_167,FALSE,v6v4,Bacteria,"marine biome",borehole,sediment,41.526,32.63
DCO_HIN,DCO_HIN_Bv6v4--BS_15105_2_390_405,FALSE,v6v4,Bacteria,"marine biome",borehole,sediment,41.526,32.63
DCO_HIN,DCO_HIN_Bv6v4--BS_15105_2_420_435,FALSE,v6v4,Bacteria,"marine biome",borehole,sediment,41.526,32.63
DCO_HIN,DCO_HIN_Bv6v4--DB_15102_1_23_43,FALSE,v6v4,Bacteria,"marine biome",borehole,sediment,35.274,21.692
DCO_HIN,DCO_HIN_Bv6v4--EM_15103_2_21_34,FALSE,v6v4,Bacteria,"marine biome",borehole,sediment,33.028,32.63
DCO_HIN,DCO_HIN_Bv6v4--EM_15103_2_220_240,FALSE,v6v4,Bacteria,"marine biome",borehole,sediment,33.028,32.63
DCO_HIN,DCO_HIN_Bv6v4--EM_15103_2_435_455,FALSE,v6v4,Bacteria,"marine biome",borehole,sediment,33.028,32.63
DCO_HIN,DCO_HIN_Av6v4--BS_15105_2_147_167,FALSE,v6v4,Archaea,"marine biome",borehole,sediment,41.526,32.63
DCO_HIN,DCO_HIN_Av6v4--BS_15105_2_390_405,FALSE,v6v4,Archaea,"marine biome",borehole,sediment,41.526,32.63
DCO_HIN,DCO_HIN_Av6v4--BS_15105_2_420_435,FALSE,v6v4,Archaea,"marine biome",borehole,sediment,41.526,32.63
DCO_HIN,DCO_HIN_Av6v4--DB_15102_1_23_43,FALSE,v6v4,Archaea,"marine biome",borehole,sediment,35.274,21.692
DCO_HIN,DCO_HIN_Av6v4--EM_15103_2_21_34,FALSE,v6v4,Archaea,"marine biome",borehole,sediment,33.028,32.63
DCO_HIN,DCO_HIN_Av6v4--EM_15103_2_220_240,FALSE,v6v4,Archaea,"marine biome",borehole,sediment,33.028,32.63
DCO_HIN,DCO_HIN_Av6v4--EM_15103_2_435_455,FALSE,v6v4,Archaea,"marine biome",borehole,sediment,33.028,32.63
DCO_GRA,DCO_GRA_Bv6v4--920W2,FALSE,v6v4,Bacteria,"terrestrial biome",mine,water,47.825,-92.252
DCO_GRA,DCO_GRA_Bv6v4--932W2,FALSE,v6v4,Bacteria,"terrestrial biome",mine,water,47.825,-92.252
DCO_GRA,DCO_GRA_Bv6v4--942W14,FALSE,v6v4,Bacteria,"terrestrial biome",mine,water,47.825,-92.252
DCO_GRA,DCO_GRA_Bv6v4--944W11,FALSE,v6v4,Bacteria,"terrestrial biome",mine,water,47.825,-92.252
DCO_GRA,DCO_GRA_Bv6v4--951W11,FALSE,v6v4,Bacteria,"terrestrial biome",mine,water,47.825,-92.252
DCO_GRA,DCO_GRA_Bv6v4--964W1,FALSE,v6v4,Bacteria,"terrestrial biome",mine,water,47.825,-92.252
DCO_GMSB,DCO_GMSB_Bv4v5--P10_2,FALSE,v4v5,Bacteria,"marine biome",borehole,sediment,27.3,-111.42
DCO_GMSB,DCO_GMSB_Bv4v5--P10_4,FALSE,v4v5,Bacteria,"marine biome",borehole,sediment,27.3,-111.42
DCO_GMSB,DCO_GMSB_Bv4v5--P11_2,FALSE,v4v5,Bacteria,"marine biome",borehole,sediment,27.3,-111.4
DCO_GMSB,DCO_GMSB_Bv4v5--P12_4,FALSE,v4v5,Bacteria,"marine biome",borehole,sediment,27.52,-111.41
DCO_GMSB,DCO_GMSB_Bv4v5--P13_4,FALSE,v4v5,Bacteria,"marine biome",borehole,sediment,27.12,-111.13
DCO_GMSB,DCO_GMSB_Bv4v5--P3_4,FALSE,v4v5,Bacteria,"marine biome",borehole,sediment,27.37,-111.52
DCO_GMSB,DCO_GMSB_Bv4v5--P6_3,FALSE,v4v5,Bacteria,"marine biome",borehole,sediment,27.38,-111.36
DCO_GMSB,DCO_GMSB_Bv4v5--P6_4,FALSE,v4v5,Bacteria,"marine biome",borehole,sediment,27.38,-111.36
DCO_GMSB,DCO_GMSB_Av4v5--P10_2,FALSE,v4v5,Archaea,"marine biome",borehole,sediment,27.3,-111.42
DCO_GMSB,DCO_GMSB_Av4v5--P10_4,FALSE,v4v5,Archaea,"marine biome",borehole,sediment,27.3,-111.42
DCO_GMSB,DCO_GMSB_Av4v5--P11_2,FALSE,v4v5,Archaea,"marine biome",borehole,sediment,27.3,-111.4
DCO_GMSB,DCO_GMSB_Av4v5--P11_5,FALSE,v4v5,Archaea,"marine biome",borehole,sediment,27.3,-111.4
DCO_GMSB,DCO_GMSB_Av4v5--P12_4,FALSE,v4v5,Archaea,"marine biome",borehole,sediment,27.52,-111.41
DCO_GMSB,DCO_GMSB_Av4v5--P13_4,FALSE,v4v5,Archaea,"marine biome",borehole,sediment,27.12,-111.13
DCO_GMSB,DCO_GMSB_Av4v5--P3_4,FALSE,v4v5,Archaea,"marine biome",borehole,sediment,27.37,-111.52
DCO_GMSB,DCO_GMSB_Av4v5--P4_3,FALSE,v4v5,Archaea,"marine biome",borehole,sediment,27.38,-111.53
DCO_GMSB,DCO_GMSB_Av4v5--P6_3,FALSE,v4v5,Archaea,"marine biome",borehole,sediment,27.38,-111.36
DCO_GMSB,DCO_GMSB_Av4v5--P6_4,FALSE,v4v5,Archaea,"marine biome",borehole,sediment,27.38,-111.36
DCO_GAI,DCO_GAI_Bv6v4--S1,FALSE,v6v4,Bacteria,"terrestrial biome",lake,water,64.49,-17.51
DCO_GAI,DCO_GAI_Bv6v4--S2,FALSE,v6v4,Bacteria,"terrestrial biome",lake,water,64.49,-17.51
DCO_GAI,DCO_GAI_Bv6v4--S3,FALSE,v6v4,Bacteria,"terrestrial biome",lake,water,64.49,-17.51
DCO_GAI,DCO_GAI_Bv6v4--S4,FALSE,v6v4,Bacteria,"terrestrial biome",lake,water,64.88,-17.50915
DCO_GAI,DCO_GAI_Bv6v4--S5,FALSE,v6v4,Bacteria,"terrestrial biome",lake,water,64.88,-17.50915
DCO_GAI,DCO_GAI_Bv6v4--S6,FALSE,v6v4,Bacteria,"terrestrial biome",lake,water,64.88,-17.50915
DCO_GAI,DCO_GAI_Bv6v4--S7,FALSE,v6v4,Bacteria,"terrestrial biome",lake,water,64.88,-17.50915
DCO_GAI,DCO_GAI_Bv6v4--Sk_hlaup,FALSE,v6v4,Bacteria,"terrestrial biome",lake,water,64.26,-18.14
DCO_GAI,DCO_GAI_Bv3v5--S1,FALSE,v3v5,Bacteria,"terrestrial biome",lake,water,64.49,-17.51
DCO_GAI,DCO_GAI_Bv3v5--S2,FALSE,v3v5,Bacteria,"terrestrial biome",lake,water,64.49,-17.51
DCO_GAI,DCO_GAI_Bv3v5--S3,FALSE,v3v5,Bacteria,"terrestrial biome",lake,water,64.49,-17.51
DCO_GAI,DCO_GAI_Bv3v5--S4,FALSE,v3v5,Bacteria,"terrestrial biome",lake,water,64.88,-17.50915
DCO_GAI,DCO_GAI_Bv3v5--S5,FALSE,v3v5,Bacteria,"terrestrial biome",lake,water,64.88,-17.50915
DCO_GAI,DCO_GAI_Bv3v5--S6,FALSE,v3v5,Bacteria,"terrestrial biome",lake,water,64.88,-17.50915
DCO_GAI,DCO_GAI_Bv3v5--S7,FALSE,v3v5,Bacteria,"terrestrial biome",lake,water,64.88,-17.50915
DCO_GAI,DCO_GAI_Bv3v5--Sk_hlaup,FALSE,v3v5,Bacteria,"terrestrial biome",lake,water,64.26,-18.14
DCO_DAL,DCO_DAL_Bv4v5--AgiaParaskevi,FALSE,v4v5,Bacteria,"terrestrial biome","hydrothermal vent",water,39.924,23.59
DCO_DAL,DCO_DAL_Bv4v5--Alexandria,FALSE,v4v5,Bacteria,"terrestrial biome","hydrothermal vent",water,40.667,22.424
DCO_DAL,DCO_DAL_Bv4v5--Giotrisi,FALSE,v4v5,Bacteria,"terrestrial biome","hydrothermal vent",water,40.497,25.603
DCO_DAL,DCO_DAL_Bv4v5--Kabasilon,FALSE,v4v5,Bacteria,"terrestrial biome","hydrothermal vent",water,40.105,20.707
DCO_DAL,DCO_DAL_Bv4v5--Mesochori3,FALSE,v4v5,Bacteria,"terrestrial biome","hydrothermal vent",water,40.891,21.532
DCO_DAL,DCO_DAL_Bv4v5--NeaApollonia3,FALSE,v4v5,Bacteria,"terrestrial biome","hydrothermal vent",water,40.657,23.415
DCO_DAL,DCO_DAL_Bv4v5--NeaKessani,FALSE,v4v5,Bacteria,"terrestrial biome","hydrothermal vent",water,41.017,25.051
DCO_DAL,DCO_DAL_Bv4v5--NeoErasmio,FALSE,v4v5,Bacteria,"terrestrial biome","hydrothermal vent",water,40.923,24.836
DCO_DAL,DCO_DAL_Bv4v5--Nymfopetra,FALSE,v4v5,Bacteria,"terrestrial biome","hydrothermal vent",water,40.689,23.355
DCO_DAL,DCO_DAL_Bv4v5--Termopigi,FALSE,v4v5,Bacteria,"terrestrial biome","hydrothermal vent",water,41.282,23.364
DCO_DAL,DCO_DAL_Bv4v5--Traianoupoli,FALSE,v4v5,Bacteria,"terrestrial biome","hydrothermal vent",water,40.866,26.034
DCO_CMT,DCO_CMT_Bv6--Challenger_Middle_Pond_ThreeMicron,FALSE,v6,Bacteria,"marine biome",trench,water,11.36902,142.43
DCO_CMT,DCO_CMT_Bv6--Challenger_Middle_Pond_ZeroPointOneMicron,FALSE,v6,Bacteria,"marine biome",trench,water,11.37,142.43
DCO_CMT,DCO_CMT_Bv6--Challenger_Middle_Pond_ZeroPointTwoMicron,FALSE,v6,Bacteria,"marine biome",trench,water,11.37,142.43
DCO_CMT,DCO_CMT_Bv6--Challenger_West_Pond_ThreeMicron,FALSE,v6,Bacteria,"marine biome",trench,water,11.34,142.2
DCO_CMT,DCO_CMT_Bv6--Challenger_West_Pond_ZeroPointOneMicron,FALSE,v6,Bacteria,"marine biome",trench,water,11.34,142.2
DCO_CMT,DCO_CMT_Bv6--Challenger_West_Pond_ZeroPointTwoMicron,FALSE,v6,Bacteria,"marine biome",trench,water,11.34,142.2
DCO_CMT,DCO_CMT_Bv6--Sirena_Deep_ThreeMicron,FALSE,v6,Bacteria,"marine biome",trench,water,12.04,144.35
DCO_CMT,DCO_CMT_Bv6--Sirena_Deep_ZeroPointOneMicron,FALSE,v6,Bacteria,"marine biome",trench,water,12.04,144.35
DCO_CMT,DCO_CMT_Bv6--Sirena_Deep_ZeroPointTwoMicron,FALSE,v6,Bacteria,"marine biome",trench,water,12.04,144.35
DCO_CMT,DCO_CMT_Bv6--Ulithi_ThreeMicron,FALSE,v6,Bacteria,"marine biome",trench,water,10.01,139.75
DCO_CMT,DCO_CMT_Bv6--Ulithi_ZeroPointOneMicron,FALSE,v6,Bacteria,"marine biome",trench,water,10.01,139.75
DCO_CMT,DCO_CMT_Bv6--Ulithi_ZeroPointTwoMicron,FALSE,v6,Bacteria,"marine biome",trench,water,10.01,139.75
DCO_CMT,DCO_CMT_Av6--Challenger_Middle_Pond_ThreeMicron,FALSE,v6,Archaea,"marine biome",trench,water,11.36902,142.43
DCO_CMT,DCO_CMT_Av6--Challenger_Middle_Pond_ZeroPointOneMicron,FALSE,v6,Archaea,"marine biome",trench,water,11.37,142.43
DCO_CMT,DCO_CMT_Av6--Challenger_Middle_Pond_ZeroPointTwoMicron,FALSE,v6,Archaea,"marine biome",trench,water,11.37,142.43
DCO_CMT,DCO_CMT_Av6--Challenger_West_Pond_ThreeMicron,FALSE,v6,Archaea,"marine biome",trench,water,11.34,142.2
DCO_CMT,DCO_CMT_Av6--Challenger_West_Pond_ZeroPointOneMicron,FALSE,v6,Archaea,"marine biome",trench,water,11.34,142.2
DCO_CMT,DCO_CMT_Av6--Challenger_West_Pond_ZeroPointTwoMicron,FALSE,v6,Archaea,"marine biome",trench,water,11.34,142.2
DCO_CMT,DCO_CMT_Av6--Sirena_Deep_ThreeMicron,FALSE,v6,Archaea,"marine biome",trench,water,12.04,144.35
DCO_CMT,DCO_CMT_Av6--Sirena_Deep_ZeroPointOneMicron,FALSE,v6,Archaea,"marine biome",trench,water,12.04,144.35
DCO_CMT,DCO_CMT_Av6--Sirena_Deep_ZeroPointTwoMicron,FALSE,v6,Archaea,"marine biome",trench,water,12.04,144.35
DCO_CMT,DCO_CMT_Av6--Ulithi_ThreeMicron,FALSE,v6,Archaea,"marine biome",trench,water,10.01,139.75
DCO_CMT,DCO_CMT_Av6--Ulithi_ZeroPointOneMicron,FALSE,v6,Archaea,"marine biome",trench,water,10.01,139.75
DCO_CMT,DCO_CMT_Av6--Ulithi_ZeroPointTwoMicron,FALSE,v6,Archaea,"marine biome",trench,water,10.01,139.75
DCO_BRG,DCO_BRG_Bv6v4--Site17A_178mbsf,FALSE,v6v4,Bacteria,"marine biome",borehole,sediment,11.2811,93.1
DCO_BRG,DCO_BRG_Bv6v4--Site17A_21mbsf,FALSE,v6v4,Bacteria,"marine biome",borehole,sediment,11.2811,93.1
DCO_BRG,DCO_BRG_Bv6v4--Site17A_226mbsf,FALSE,v6v4,Bacteria,"marine biome",borehole,sediment,11.2811,93.1
DCO_BRG,DCO_BRG_Bv6v4--Site17A_264mbsf,FALSE,v6v4,Bacteria,"marine biome",borehole,sediment,11.2811,93.1
DCO_BRG,DCO_BRG_Bv6v4--Site17A_322mbsf,FALSE,v6v4,Bacteria,"marine biome",borehole,sediment,11.2811,93.1
DCO_BRG,DCO_BRG_Bv6v4--Site17A_322mbsf_MDA,FALSE,v6v4,Bacteria,"marine biome",borehole,sediment,11.2811,93.1
DCO_BRG,DCO_BRG_Bv6v4--Site17A_40mbsf,FALSE,v6v4,Bacteria,"marine biome",borehole,sediment,11.2811,93.1
DCO_BRG,DCO_BRG_Bv6v4--Site17A_419mbsf,FALSE,v6v4,Bacteria,"marine biome",borehole,sediment,11.2811,93.1
DCO_BRG,DCO_BRG_Bv6v4--Site17A_447mbsf,FALSE,v6v4,Bacteria,"marine biome",borehole,sediment,11.2811,93.1
DCO_BRG,DCO_BRG_Bv6v4--Site17A_456mbsf,FALSE,v6v4,Bacteria,"marine biome",borehole,sediment,11.2811,93.1
DCO_BRG,DCO_BRG_Bv6v4--Site17A_554mbsf,FALSE,v6v4,Bacteria,"marine biome",borehole,sediment,11.2811,93.1
DCO_BRG,DCO_BRG_Bv6v4--Site17A_588mbsf,FALSE,v6v4,Bacteria,"marine biome",borehole,sediment,11.2811,93.1
DCO_BRG,DCO_BRG_Bv6v4--Site17A_589mbsf,FALSE,v6v4,Bacteria,"marine biome",borehole,sediment,11.2811,93.1
DCO_BRG,DCO_BRG_Bv6v4--Site17A_684mbsf,FALSE,v6v4,Bacteria,"marine biome",borehole,sediment,11.2811,93.1
DCO_BRG,DCO_BRG_Av6v4--Site17A_447mbsf,FALSE,v6v4,Archaea,"marine biome",borehole,sediment,11.2811,93.1
DCO_BRG,DCO_BRG_Av6v4--Site17A_456mbsf_Av6v,FALSE,v6v4,Archaea,"marine biome",borehole,sediment,11.2811,93.1
DCO_BRA,DCO_BRA_Bv6--IODP_331_Site_C14B_1_1,FALSE,v6,Bacteria,"marine biome","hydrothermal vent",sediment,27.790218,126.900747
DCO_BRA,DCO_BRA_Bv6--IODP_331_Site_C14B_1_2,FALSE,v6,Bacteria,"marine biome","hydrothermal vent",sediment,27.790218,126.900747
DCO_BRA,DCO_BRA_Bv6--IODP_331_Site_C14B_1_3,FALSE,v6,Bacteria,"marine biome","hydrothermal vent",sediment,27.790218,126.900747
DCO_BRA,DCO_BRA_Bv6--IODP_331_Site_C14B_1_4,FALSE,v6,Bacteria,"marine biome","hydrothermal vent",sediment,27.790218,126.900747
DCO_BRA,DCO_BRA_Bv6--IODP_331_Site_C14B_2_10,FALSE,v6,Bacteria,"marine biome","hydrothermal vent",sediment,27.790218,126.900747
DCO_BRA,DCO_BRA_Bv6--IODP_331_Site_C14B_2_3,FALSE,v6,Bacteria,"marine biome","hydrothermal vent",sediment,27.790218,126.900747
DCO_BRA,DCO_BRA_Bv6--IODP_331_Site_C14D_1_1,FALSE,v6,Bacteria,"marine biome","hydrothermal vent",sediment,27.79026,126.900677
DCO_BRA,DCO_BRA_Bv6--IODP_331_Site_C14D_1_3,FALSE,v6,Bacteria,"marine biome","hydrothermal vent",sediment,27.79026,126.900677
DCO_BRA,DCO_BRA_Bv6--IODP_331_Site_C14D_1_4,FALSE,v6,Bacteria,"marine biome","hydrothermal vent",sediment,27.79026,126.900677
DCO_BRA,DCO_BRA_Bv6--IODP_331_Site_C14D_2_1,FALSE,v6,Bacteria,"marine biome","hydrothermal vent",sediment,27.79026,126.900677
DCO_BRA,DCO_BRA_Bv6--IODP_331_Site_C14D_2_2,FALSE,v6,Bacteria,"marine biome","hydrothermal vent",sediment,27.79026,126.900677
DCO_BRA,DCO_BRA_Bv6--IODP_331_Site_C14D_2_3,FALSE,v6,Bacteria,"marine biome","hydrothermal vent",sediment,27.79026,126.900677
DCO_BRA,DCO_BRA_Av6--IODP_331_Site_C14B_1_1,FALSE,v6,Archaea,"marine biome","hydrothermal vent",sediment,27.790218,126.900747
DCO_BRA,DCO_BRA_Av6--IODP_331_Site_C14B_1_2,FALSE,v6,Archaea,"marine biome","hydrothermal vent",sediment,27.790218,126.900747
DCO_BRA,DCO_BRA_Av6--IODP_331_Site_C14B_1_3,FALSE,v6,Archaea,"marine biome","hydrothermal vent",sediment,27.790218,126.900747
DCO_BRA,DCO_BRA_Av6--IODP_331_Site_C14B_1_4,FALSE,v6,Archaea,"marine biome","hydrothermal vent",sediment,27.790218,126.900747
DCO_BRA,DCO_BRA_Av6--IODP_331_Site_C14B_2_10,FALSE,v6,Archaea,"marine biome","hydrothermal vent",sediment,27.790218,126.900747
DCO_BRA,DCO_BRA_Av6--IODP_331_Site_C14B_2_3,FALSE,v6,Archaea,"marine biome","hydrothermal vent",sediment,27.790218,126.900747
DCO_BRA,DCO_BRA_Av6--IODP_331_Site_C14D_1_1,FALSE,v6,Archaea,"marine biome","hydrothermal vent",sediment,27.79026,126.900677
DCO_BRA,DCO_BRA_Av6--IODP_331_Site_C14D_1_3,FALSE,v6,Archaea,"marine biome","hydrothermal vent",sediment,27.79026,126.900677
DCO_BRA,DCO_BRA_Av6--IODP_331_Site_C14D_1_4,FALSE,v6,Archaea,"marine biome","hydrothermal vent",sediment,27.79026,126.900677
DCO_BRA,DCO_BRA_Av6--IODP_331_Site_C14D_2_1,FALSE,v6,Archaea,"marine biome","hydrothermal vent",sediment,27.79026,126.900677
DCO_BRA,DCO_BRA_Av6--IODP_331_Site_C14D_2_2,FALSE,v6,Archaea,"marine biome","hydrothermal vent",sediment,27.79026,126.900677
DCO_BRA,DCO_BRA_Av6--IODP_331_Site_C14D_2_3,FALSE,v6,Archaea,"marine biome","hydrothermal vent",sediment,27.79026,126.900677
DCO_BOM,DCO_BOM_Bv6--OL_KR13_360m,FALSE,v6,Bacteria,"terrestrial biome",borehole,water,61.24,21.44
DCO_BOM,DCO_BOM_Bv6--OL_KR1_609m,FALSE,v6,Bacteria,"terrestrial biome",borehole,water,61.24,21.44
DCO_BOM,DCO_BOM_Bv6--OL_KR23_424m,FALSE,v6,Bacteria,"terrestrial biome",borehole,water,61.24,21.44
DCO_BOM,DCO_BOM_Bv6--OL_KR29_801m,FALSE,v6,Bacteria,"terrestrial biome",borehole,water,61.24,21.44
DCO_BOM,DCO_BOM_Bv6--OL_KR2_596m,FALSE,v6,Bacteria,"terrestrial biome",borehole,water,61.24,21.44
DCO_BOM,DCO_BOM_Bv6--OL_KR3_380m,FALSE,v6,Bacteria,"terrestrial biome",borehole,water,61.24,21.44
DCO_BOM,DCO_BOM_Bv6--OL_KR49_532m,FALSE,v6,Bacteria,"terrestrial biome",borehole,water,61.24,21.44
DCO_BOM,DCO_BOM_Bv6--OL_KR5_457m,FALSE,v6,Bacteria,"terrestrial biome",borehole,water,61.24,21.44
DCO_BOM,DCO_BOM_Bv6--OL_KR6_422m,FALSE,v6,Bacteria,"terrestrial biome",borehole,water,61.24,21.44
DCO_BOM,DCO_BOM_Bv6--OL_KR9_468m,FALSE,v6,Bacteria,"terrestrial biome",borehole,water,61.24,21.44
DCO_BOM,DCO_BOM_Bv6--OL_KR9_564m,FALSE,v6,Bacteria,"terrestrial biome",borehole,water,61.24,21.44
DCO_BOM,DCO_BOM_Av6--OL_KR13_360m,FALSE,v6,Archaea,"terrestrial biome",borehole,water,61.24,21.44
DCO_BOM,DCO_BOM_Av6--OL_KR1_609m,FALSE,v6,Archaea,"terrestrial biome",borehole,water,61.24,21.44
DCO_BOM,DCO_BOM_Av6--OL_KR23_424m,FALSE,v6,Archaea,"terrestrial biome",borehole,water,61.24,21.44
DCO_BOM,DCO_BOM_Av6--OL_KR2_596m,FALSE,v6,Archaea,"terrestrial biome",borehole,water,61.24,21.44
DCO_BOM,DCO_BOM_Av6--OL_KR3_380m,FALSE,v6,Archaea,"terrestrial biome",borehole,water,61.24,21.44
DCO_BOM,DCO_BOM_Av6--OL_KR49_532m,FALSE,v6,Archaea,"terrestrial biome",borehole,water,61.24,21.44
DCO_BOM,DCO_BOM_Av6--OL_KR5_457m,FALSE,v6,Archaea,"terrestrial biome",borehole,water,61.24,21.44
DCO_BOM,DCO_BOM_Av6--OL_KR6_422m,FALSE,v6,Archaea,"terrestrial biome",borehole,water,61.24,21.44
DCO_BOM,DCO_BOM_Av6--OL_KR9_468m,FALSE,v6,Archaea,"terrestrial biome",borehole,water,61.24,21.44
DCO_BOM,DCO_BOM_Av6--OL_KR9_564m,FALSE,v6,Archaea,"terrestrial biome",borehole,water,61.24,21.44
DCO_BKR,DCO_BKR_Bv4v5--Aar_59E_13H2,FALSE,v4v5,Bacteria,"marine biome",borehole,sediment,55.004821,10.108177
DCO_BKR,DCO_BKR_Bv4v5--Aar_59E_21H2,FALSE,v4v5,Bacteria,"marine biome",borehole,sediment,55.004821,10.108177
DCO_BKR,DCO_BKR_Bv4v5--Aar_65C_4H2,FALSE,v4v5,Bacteria,"marine biome",borehole,sediment,55.463252,15.474324
DCO_BKR,DCO_BKR_Bv4v5--Knox_60B_10H2,FALSE,v4v5,Bacteria,"marine biome",borehole,sediment,56.620161,11.670677
DCO_BKR,DCO_BKR_Bv4v5--Knox_60B_28H2,FALSE,v4v5,Bacteria,"marine biome",borehole,sediment,56.620161,11.670677
DCO_BKR,DCO_BKR_Bv4v5--Knox_63E_24H2,FALSE,v4v5,Bacteria,"marine biome",borehole,sediment,58.622326,18.254166
DCO_BKR,DCO_BKR_Bv4v5--Knox_63E_6H2,FALSE,v4v5,Bacteria,"marine biome",borehole,sediment,58.622326,18.254166
DCO_BKR,DCO_BKR_Av4v5--Aar_59E_25H2,FALSE,v4v5,Archaea,"marine biome",borehole,sediment,55.004821,10.108177
DCO_BKR,DCO_BKR_Av4v5--Knox_60B_10H2,FALSE,v4v5,Archaea,"marine biome",borehole,sediment,56.620161,11.670677
DCO_BKR,DCO_BKR_Av4v5--Knox_63E_6H2,FALSE,v4v5,Archaea,"marine biome",borehole,sediment,58.622326,18.254166
DCO_BKR,DCO_BKR_Av4v5--Knox_65C_7H2,FALSE,v4v5,Archaea,"marine biome",borehole,sediment,55.463252,15.474324
