PROJECT_ID,SAMPLE_ID,blank_or_control,dna_region,domain,enrichment,env_biome,env_feature,env_material,geohydroconnectivity,latitude,longitude,ph,temperature
DCO_BKR,DCO_BKR_Av4v5--Aar_59E_25H2,FALSE,v4v5,Archaea,FALSE,"marine biome",borehole,sediment,low,55.004821,10.108177,7.01,null
DCO_BKR,DCO_BKR_Av4v5--Knox_60B_10H2,FALSE,v4v5,Archaea,FALSE,"marine biome",borehole,sediment,low,56.620161,11.670677,7.89,null
DCO_BKR,DCO_BKR_Av4v5--Knox_63E_6H2,FALSE,v4v5,Archaea,FALSE,"marine biome",borehole,sediment,low,58.622326,18.254166,8.02,null
DCO_BKR,DCO_BKR_Av4v5--Knox_65C_7H2,FALSE,v4v5,Archaea,FALSE,"marine biome",borehole,sediment,low,55.463252,15.474324,7.41,null
DCO_BKR,DCO_BKR_Bv4v5--Aar_59E_13H2,FALSE,v4v5,Bacteria,FALSE,"marine biome",borehole,sediment,low,55.004821,10.108177,7.79,null
DCO_BKR,DCO_BKR_Bv4v5--Aar_59E_21H2,FALSE,v4v5,Bacteria,FALSE,"marine biome",borehole,sediment,low,55.004821,10.108177,6.86,null
DCO_BKR,DCO_BKR_Bv4v5--Aar_65C_4H2,FALSE,v4v5,Bacteria,FALSE,"marine biome",borehole,sediment,low,55.463252,15.474324,7.45,null
DCO_BKR,DCO_BKR_Bv4v5--Knox_60B_10H2,FALSE,v4v5,Bacteria,FALSE,"marine biome",borehole,sediment,low,56.620161,11.670677,7.89,null
DCO_BKR,DCO_BKR_Bv4v5--Knox_60B_28H2,FALSE,v4v5,Bacteria,FALSE,"marine biome",borehole,sediment,low,56.620161,11.670677,8.01,null
DCO_BKR,DCO_BKR_Bv4v5--Knox_63E_24H2,FALSE,v4v5,Bacteria,FALSE,"marine biome",borehole,sediment,low,58.622326,18.254166,7.7,null
DCO_BKR,DCO_BKR_Bv4v5--Knox_63E_6H2,FALSE,v4v5,Bacteria,FALSE,"marine biome",borehole,sediment,low,58.622326,18.254166,8.02,null
DCO_BOM,DCO_BOM_Av6--OL_KR13_360m,FALSE,v6,Archaea,FALSE,"terrestrial biome",borehole,water,low,61.24,21.44,7.9,9
DCO_BOM,DCO_BOM_Av6--OL_KR1_609m,FALSE,v6,Archaea,FALSE,"terrestrial biome",borehole,water,low,61.24,21.44,7.8,13
DCO_BOM,DCO_BOM_Av6--OL_KR23_424m,FALSE,v6,Archaea,FALSE,"terrestrial biome",borehole,water,low,61.24,21.44,7.5,9.8
DCO_BOM,DCO_BOM_Av6--OL_KR29_801m,FALSE,v6,Archaea,FALSE,"terrestrial biome",borehole,water,low,61.24,21.44,7.3,16.6
DCO_BOM,DCO_BOM_Av6--OL_KR2_596m,FALSE,v6,Archaea,FALSE,"terrestrial biome",borehole,water,low,61.24,21.44,8.6,12.9
DCO_BOM,DCO_BOM_Av6--OL_KR3_380m,FALSE,v6,Archaea,FALSE,"terrestrial biome",borehole,water,low,61.24,21.44,8.3,10
DCO_BOM,DCO_BOM_Av6--OL_KR44_775m,FALSE,v6,Archaea,FALSE,"terrestrial biome",borehole,water,low,61.24,21.44,7.8,14.8
DCO_BOM,DCO_BOM_Av6--OL_KR49_532m,FALSE,v6,Archaea,FALSE,"terrestrial biome",borehole,water,low,61.24,21.44,7.4,10.5
DCO_BOM,DCO_BOM_Av6--OL_KR5_457m,FALSE,v6,Archaea,FALSE,"terrestrial biome",borehole,water,low,61.24,21.44,7.9,10.8
DCO_BOM,DCO_BOM_Av6--OL_KR6_422m,FALSE,v6,Archaea,FALSE,"terrestrial biome",borehole,water,low,61.24,21.44,7.9,9.5
DCO_BOM,DCO_BOM_Av6--OL_KR9_468m,FALSE,v6,Archaea,FALSE,"terrestrial biome",borehole,water,low,61.24,21.44,7.7,10.6
DCO_BOM,DCO_BOM_Av6--OL_KR9_564m,FALSE,v6,Archaea,FALSE,"terrestrial biome",borehole,water,low,61.24,21.44,8.1,12
DCO_BOM,DCO_BOM_Bv6--OL_KR13_360m,FALSE,v6,Bacteria,FALSE,"terrestrial biome",borehole,water,low,61.24,21.44,7.9,9
DCO_BOM,DCO_BOM_Bv6--OL_KR1_609m,FALSE,v6,Bacteria,FALSE,"terrestrial biome",borehole,water,low,61.24,21.44,7.8,13
DCO_BOM,DCO_BOM_Bv6--OL_KR23_424m,FALSE,v6,Bacteria,FALSE,"terrestrial biome",borehole,water,low,61.24,21.44,7.5,9.8
DCO_BOM,DCO_BOM_Bv6--OL_KR29_801m,FALSE,v6,Bacteria,FALSE,"terrestrial biome",borehole,water,low,61.24,21.44,7.3,16.6
DCO_BOM,DCO_BOM_Bv6--OL_KR2_596m,FALSE,v6,Bacteria,FALSE,"terrestrial biome",borehole,water,low,61.24,21.44,8.6,12.9
DCO_BOM,DCO_BOM_Bv6--OL_KR3_380m,FALSE,v6,Bacteria,FALSE,"terrestrial biome",borehole,water,low,61.24,21.44,8.3,10
DCO_BOM,DCO_BOM_Bv6--OL_KR44_775m,FALSE,v6,Bacteria,FALSE,"terrestrial biome",borehole,water,low,61.24,21.44,7.8,14.8
DCO_BOM,DCO_BOM_Bv6--OL_KR49_532m,FALSE,v6,Bacteria,FALSE,"terrestrial biome",borehole,water,low,61.24,21.44,7.4,10.5
DCO_BOM,DCO_BOM_Bv6--OL_KR5_457m,FALSE,v6,Bacteria,FALSE,"terrestrial biome",borehole,water,low,61.24,21.44,7.9,10.8
DCO_BOM,DCO_BOM_Bv6--OL_KR6_422m,FALSE,v6,Bacteria,FALSE,"terrestrial biome",borehole,water,low,61.24,21.44,7.9,9.5
DCO_BOM,DCO_BOM_Bv6--OL_KR9_468m,FALSE,v6,Bacteria,FALSE,"terrestrial biome",borehole,water,low,61.24,21.44,7.7,10.6
DCO_BOM,DCO_BOM_Bv6--OL_KR9_564m,FALSE,v6,Bacteria,FALSE,"terrestrial biome",borehole,water,low,61.24,21.44,8.1,12
DCO_BRA,DCO_BRA_Av6--IODP_331_Site_C14B_1_1,FALSE,v6,Archaea,FALSE,"marine biome","hydrothermal vent",sediment,high,27.790218,126.900747,7.43,6
DCO_BRA,DCO_BRA_Av6--IODP_331_Site_C14B_1_2,FALSE,v6,Archaea,FALSE,"marine biome","hydrothermal vent",sediment,high,27.790218,126.900747,7.2,8.8
DCO_BRA,DCO_BRA_Av6--IODP_331_Site_C14B_1_3,FALSE,v6,Archaea,FALSE,"marine biome","hydrothermal vent",sediment,high,27.790218,126.900747,6.97,17
DCO_BRA,DCO_BRA_Av6--IODP_331_Site_C14B_1_4,FALSE,v6,Archaea,FALSE,"marine biome","hydrothermal vent",sediment,high,27.790218,126.900747,7.18,21
DCO_BRA,DCO_BRA_Av6--IODP_331_Site_C14B_2_10,FALSE,v6,Archaea,FALSE,"marine biome","hydrothermal vent",sediment,high,27.790218,126.900747,6.94,52
DCO_BRA,DCO_BRA_Av6--IODP_331_Site_C14B_2_3,FALSE,v6,Archaea,FALSE,"marine biome","hydrothermal vent",sediment,high,27.790218,126.900747,6.77,33
DCO_BRA,DCO_BRA_Av6--IODP_331_Site_C14D_1_1,FALSE,v6,Archaea,FALSE,"marine biome","hydrothermal vent",sediment,high,27.79026,126.900677,7.38,6
DCO_BRA,DCO_BRA_Av6--IODP_331_Site_C14D_1_3,FALSE,v6,Archaea,FALSE,"marine biome","hydrothermal vent",sediment,high,27.79026,126.900677,6.89,15
DCO_BRA,DCO_BRA_Av6--IODP_331_Site_C14D_1_4,FALSE,v6,Archaea,FALSE,"marine biome","hydrothermal vent",sediment,high,27.79026,126.900677,6.94,19
DCO_BRA,DCO_BRA_Av6--IODP_331_Site_C14D_2_1,FALSE,v6,Archaea,FALSE,"marine biome","hydrothermal vent",sediment,high,27.79026,126.900677,7.51,27
DCO_BRA,DCO_BRA_Av6--IODP_331_Site_C14D_2_2,FALSE,v6,Archaea,FALSE,"marine biome","hydrothermal vent",sediment,high,27.79026,126.900677,6.64,33
DCO_BRA,DCO_BRA_Av6--IODP_331_Site_C14D_2_3,FALSE,v6,Archaea,FALSE,"marine biome","hydrothermal vent",sediment,high,27.79026,126.900677,7.01,38
DCO_BRA,DCO_BRA_Bv6--IODP_331_Site_C14B_1_1,FALSE,v6,Bacteria,FALSE,"marine biome","hydrothermal vent",sediment,high,27.790218,126.900747,7.43,6
DCO_BRA,DCO_BRA_Bv6--IODP_331_Site_C14B_1_2,FALSE,v6,Bacteria,FALSE,"marine biome","hydrothermal vent",sediment,high,27.790218,126.900747,7.2,8.8
DCO_BRA,DCO_BRA_Bv6--IODP_331_Site_C14B_1_3,FALSE,v6,Bacteria,FALSE,"marine biome","hydrothermal vent",sediment,high,27.790218,126.900747,6.97,17
DCO_BRA,DCO_BRA_Bv6--IODP_331_Site_C14B_1_4,FALSE,v6,Bacteria,FALSE,"marine biome","hydrothermal vent",sediment,high,27.790218,126.900747,7.18,21
DCO_BRA,DCO_BRA_Bv6--IODP_331_Site_C14B_2_10,FALSE,v6,Bacteria,FALSE,"marine biome","hydrothermal vent",sediment,high,27.790218,126.900747,6.94,52
DCO_BRA,DCO_BRA_Bv6--IODP_331_Site_C14B_2_3,FALSE,v6,Bacteria,FALSE,"marine biome","hydrothermal vent",sediment,high,27.790218,126.900747,6.77,33
DCO_BRA,DCO_BRA_Bv6--IODP_331_Site_C14D_1_1,FALSE,v6,Bacteria,FALSE,"marine biome","hydrothermal vent",sediment,high,27.79026,126.900677,7.38,6
DCO_BRA,DCO_BRA_Bv6--IODP_331_Site_C14D_1_3,FALSE,v6,Bacteria,FALSE,"marine biome","hydrothermal vent",sediment,high,27.79026,126.900677,6.89,15
DCO_BRA,DCO_BRA_Bv6--IODP_331_Site_C14D_1_4,FALSE,v6,Bacteria,FALSE,"marine biome","hydrothermal vent",sediment,high,27.79026,126.900677,6.94,19
DCO_BRA,DCO_BRA_Bv6--IODP_331_Site_C14D_2_1,FALSE,v6,Bacteria,FALSE,"marine biome","hydrothermal vent",sediment,high,27.79026,126.900677,7.51,27
DCO_BRA,DCO_BRA_Bv6--IODP_331_Site_C14D_2_2,FALSE,v6,Bacteria,FALSE,"marine biome","hydrothermal vent",sediment,high,27.79026,126.900677,6.64,33
DCO_BRA,DCO_BRA_Bv6--IODP_331_Site_C14D_2_3,FALSE,v6,Bacteria,FALSE,"marine biome","hydrothermal vent",sediment,high,27.79026,126.900677,7.01,38
DCO_BRG,DCO_BRG_Av6v4--Site17A_447mbsf,FALSE,v6v4,Archaea,FALSE,"marine biome",borehole,sediment,low,11.2811,93.1,7.2,14.4
DCO_BRG,DCO_BRG_Av6v4--Site17A_456mbsf_Av6v,FALSE,v6v4,Archaea,FALSE,"marine biome",borehole,sediment,low,11.2811,93.1,7.2,14.6
DCO_BRG,DCO_BRG_Bv6v4--Site17A_178mbsf,FALSE,v6v4,Bacteria,FALSE,"marine biome",borehole,sediment,low,11.2811,93.1,7.8,9
DCO_BRG,DCO_BRG_Bv6v4--Site17A_21mbsf,FALSE,v6v4,Bacteria,FALSE,"marine biome",borehole,sediment,low,11.2811,93.1,7.7,5.9
DCO_BRG,DCO_BRG_Bv6v4--Site17A_226mbsf,FALSE,v6v4,Bacteria,FALSE,"marine biome",borehole,sediment,low,11.2811,93.1,7.4,10
DCO_BRG,DCO_BRG_Bv6v4--Site17A_264mbsf,FALSE,v6v4,Bacteria,FALSE,"marine biome",borehole,sediment,low,11.2811,93.1,7.7,10.8
DCO_BRG,DCO_BRG_Bv6v4--Site17A_322mbsf,FALSE,v6v4,Bacteria,FALSE,"marine biome",borehole,sediment,low,11.2811,93.1,7.7,11.9
DCO_BRG,DCO_BRG_Bv6v4--Site17A_322mbsf_MDA,FALSE,v6v4,Bacteria,FALSE,"marine biome",borehole,sediment,low,11.2811,93.1,7.7,11.9
DCO_BRG,DCO_BRG_Bv6v4--Site17A_40mbsf,FALSE,v6v4,Bacteria,FALSE,"marine biome",borehole,sediment,low,11.2811,93.1,7.8,6.3
DCO_BRG,DCO_BRG_Bv6v4--Site17A_419mbsf,FALSE,v6v4,Bacteria,FALSE,"marine biome",borehole,sediment,low,11.2811,93.1,7.2,13.9
DCO_BRG,DCO_BRG_Bv6v4--Site17A_447mbsf,FALSE,v6v4,Bacteria,FALSE,"marine biome",borehole,sediment,low,11.2811,93.1,7.2,14.4
DCO_BRG,DCO_BRG_Bv6v4--Site17A_456mbsf,FALSE,v6v4,Bacteria,FALSE,"marine biome",borehole,sediment,low,11.2811,93.1,7.2,14.6
DCO_BRG,DCO_BRG_Bv6v4--Site17A_554mbsf,FALSE,v6v4,Bacteria,FALSE,"marine biome",borehole,sediment,low,11.2811,93.1,7.3,16.6
DCO_BRG,DCO_BRG_Bv6v4--Site17A_588mbsf,FALSE,v6v4,Bacteria,FALSE,"marine biome",borehole,sediment,low,11.2811,93.1,6.4,17.3
DCO_BRG,DCO_BRG_Bv6v4--Site17A_589mbsf,FALSE,v6v4,Bacteria,FALSE,"marine biome",borehole,sediment,low,11.2811,93.1,7.3,17.3
DCO_BRG,DCO_BRG_Bv6v4--Site17A_684mbsf,FALSE,v6v4,Bacteria,FALSE,"marine biome",borehole,sediment,low,11.2811,93.1,7.1,19.2
DCO_BRZ,DCO_BRZ_Av4v5--Serp_CRO_CSW1_1A_Mar13,FALSE,v4v5,Archaea,FALSE,"terrestrial biome",borehole,fluid,high,38.862,-122.414,12.17,14.85
DCO_BRZ,DCO_BRZ_Av4v5--Serp_CRO_CSW1_2A_Mar13,FALSE,v4v5,Archaea,FALSE,"terrestrial biome",borehole,fluid,high,38.862,-122.414,8.68,14.8
DCO_BRZ,DCO_BRZ_Av4v5--Serp_CRO_CSW1_3B_Mar13,FALSE,v4v5,Archaea,FALSE,"terrestrial biome",borehole,fluid,high,38.862,-122.414,10.08,15.19
DCO_BRZ,DCO_BRZ_Av4v5--Serp_CRO_CSW1_4A_Mar13,FALSE,v4v5,Archaea,FALSE,"terrestrial biome",borehole,fluid,high,38.862,-122.414,7.77,14.23
DCO_BRZ,DCO_BRZ_Av4v5--Serp_CRO_CSW1_5A_Mar13,FALSE,v4v5,Archaea,FALSE,"terrestrial biome",borehole,fluid,high,38.862,-122.414,9.34,15.24
DCO_BRZ,DCO_BRZ_Av4v5--Serp_CRO_CSWoldA_Mar13,FALSE,v4v5,Archaea,FALSE,"terrestrial biome",borehole,fluid,high,38.86193,-122.414,9.84,17.74
DCO_BRZ,DCO_BRZ_Av4v5--Serp_CRO_CSWoldB_Mar13,FALSE,v4v5,Archaea,FALSE,"terrestrial biome",borehole,fluid,high,38.86193,-122.414,9.84,17.74
DCO_BRZ,DCO_BRZ_Av4v5--Serp_CRO_CSWoldT0_Mar13,FALSE,v4v5,Archaea,FALSE,"terrestrial biome",borehole,fluid,high,38.86193,-122.414,9.84,17.74
DCO_BRZ,DCO_BRZ_Av4v5--Serp_CRO_N08AB_Mar13,FALSE,v4v5,Archaea,FALSE,"terrestrial biome",borehole,fluid,high,38.862,-122.43,10.73,14.57
DCO_BRZ,DCO_BRZ_Av4v5--Serp_CRO_N08BA_Mar13,FALSE,v4v5,Archaea,FALSE,"terrestrial biome",borehole,fluid,high,38.86201,-122.43,10.87,14.65
DCO_BRZ,DCO_BRZ_Av4v5--Serp_CRO_N08BB_Mar13,FALSE,v4v5,Archaea,FALSE,"terrestrial biome",borehole,fluid,high,38.86201,-122.43,10.87,14.65
DCO_BRZ,DCO_BRZ_Av4v5--Serp_CRO_N08CA_Mar13,FALSE,v4v5,Archaea,FALSE,"terrestrial biome",borehole,fluid,high,38.86202,-122.43,7.41,14.56
DCO_BRZ,DCO_BRZ_Av4v5--Serp_CRO_N08T0_Mar13,FALSE,v4v5,Archaea,FALSE,"terrestrial biome",borehole,fluid,high,38.862,-122.43,10.87,14.65
DCO_BRZ,DCO_BRZ_Av4v5--Serp_CRO_QV1_1A_Mar13,FALSE,v4v5,Archaea,FALSE,"terrestrial biome",borehole,fluid,high,38.862,-122.43006,11.41,15.36
DCO_BRZ,DCO_BRZ_Av4v5--Serp_CRO_QV1_2B_Mar13,FALSE,v4v5,Archaea,FALSE,"terrestrial biome",borehole,fluid,high,38.862,-122.43006,7.02,15.8
DCO_BRZ,DCO_BRZ_Av4v5--Serp_CRO_QV1_3B_Mar13,FALSE,v4v5,Archaea,FALSE,"terrestrial biome",borehole,fluid,high,38.862,-122.43006,9.43,16
DCO_BRZ,DCO_BRZ_Av4v5--Serp_LC1408,FALSE,v4v5,Archaea,FALSE,"marine biome","hydrothermal vent",biofilm,high,30.123203,-42.118972,10.67,88
DCO_BRZ,DCO_BRZ_Av4v5--Serp_LC3862_1325,FALSE,v4v5,Archaea,FALSE,"marine biome","hydrothermal vent",biofilm,high,30.123203,-42.118972,null,null
DCO_BRZ,DCO_BRZ_Av4v5--Serp_LC_BB10,FALSE,v4v5,Archaea,FALSE,"marine biome","hydrothermal vent",biofilm,high,30.123357,-42.1206,null,null
DCO_BRZ,DCO_BRZ_Av4v5--Serp_LC_BB12,FALSE,v4v5,Archaea,FALSE,"marine biome","hydrothermal vent",biofilm,high,30.123871,-42.120517,10.5,null
DCO_BRZ,DCO_BRZ_Av4v5--Serp_LC_BB13,FALSE,v4v5,Archaea,FALSE,"marine biome","hydrothermal vent",biofilm,high,30.123934,-42.120154,10.1,70
DCO_BRZ,DCO_BRZ_Av4v5--Serp_LC_BB14,FALSE,v4v5,Archaea,FALSE,"marine biome","hydrothermal vent",biofilm,high,30.124259,-42.118724,null,null
DCO_BRZ,DCO_BRZ_Av4v5--Serp_LC_BB15,FALSE,v4v5,Archaea,FALSE,"marine biome","hydrothermal vent",biofilm,high,30.124286,-42.119138,null,null
DCO_BRZ,DCO_BRZ_Av4v5--Serp_LC_BB16,FALSE,v4v5,Archaea,FALSE,"marine biome","hydrothermal vent",biofilm,high,30.124286,-42.119138,null,null
DCO_BRZ,DCO_BRZ_Av4v5--Serp_LC_BB17,FALSE,v4v5,Archaea,FALSE,"marine biome","hydrothermal vent",biofilm,high,30.124178,-42.119698,null,44
DCO_BRZ,DCO_BRZ_Av4v5--Serp_LC_BB20,FALSE,v4v5,Archaea,FALSE,"marine biome","hydrothermal vent",biofilm,high,30.123934,-42.120154,10.1,70
DCO_BRZ,DCO_BRZ_Av4v5--Serp_LC_BB21,FALSE,v4v5,Archaea,FALSE,"marine biome","hydrothermal vent",biofilm,high,30.123934,-42.120154,10.1,70
DCO_BRZ,DCO_BRZ_Av4v5--Serp_LC_BB22,FALSE,v4v5,Archaea,FALSE,"marine biome","hydrothermal vent",biofilm,high,30.123934,-42.120154,10.1,70
DCO_BRZ,DCO_BRZ_Av4v5--Serp_LC_BB25,FALSE,v4v5,Archaea,FALSE,"marine biome","hydrothermal vent",biofilm,high,30.123934,-42.120154,null,null
DCO_BRZ,DCO_BRZ_Av4v5--Serp_LC_BB31,FALSE,v4v5,Archaea,FALSE,"marine biome","hydrothermal vent",biofilm,high,30.12397,-42.120113,10.2,88
DCO_BRZ,DCO_BRZ_Av4v5--Serp_LC_BB32,FALSE,v4v5,Archaea,FALSE,"marine biome","hydrothermal vent",biofilm,high,30.123492,-42.118506,null,null
DCO_BRZ,DCO_BRZ_Av4v5--Serp_LC_BB33,FALSE,v4v5,Archaea,FALSE,"marine biome","hydrothermal vent",biofilm,high,30.123492,-42.120538,null,null
DCO_BRZ,DCO_BRZ_Av4v5--Serp_LC_BB35,FALSE,v4v5,Archaea,FALSE,"marine biome","hydrothermal vent",biofilm,high,30.124755,-42.119024,8.7,28
DCO_BRZ,DCO_BRZ_Av4v5--Serp_LC_BB37,FALSE,v4v5,Archaea,FALSE,"marine biome","hydrothermal vent",biofilm,high,30.124782,-42.11863,null,null
DCO_BRZ,DCO_BRZ_Av4v5--Serp_LC_BB4,FALSE,v4v5,Archaea,FALSE,"marine biome","hydrothermal vent",biofilm,high,30.124069,-42.120019,null,null
DCO_BRZ,DCO_BRZ_Av4v5--Serp_LC_BB41,FALSE,v4v5,Archaea,FALSE,"marine biome","hydrothermal vent",biofilm,high,30.123492,-42.118506,null,null
DCO_BRZ,DCO_BRZ_Av4v5--Serp_LC_BB49,FALSE,v4v5,Archaea,FALSE,"marine biome","hydrothermal vent",biofilm,high,30.123465,-42.120082,null,9.9
DCO_BRZ,DCO_BRZ_Av4v5--Serp_LC_BB8,FALSE,v4v5,Archaea,FALSE,"marine biome","hydrothermal vent",biofilm,high,30.123997,-42.118962,9.76,null
DCO_BRZ,DCO_BRZ_Av4v5--Serp_LC_BB9,FALSE,v4v5,Archaea,FALSE,"marine biome","hydrothermal vent",biofilm,high,30.125314,-42.118869,null,null
DCO_BRZ,DCO_BRZ_Av4v5--Serp_LIG_LER20_LS11_127_Oct11,FALSE,v4v5,Archaea,FALSE,"terrestrial biome",spring,water,high,44.4214,8.6564,null,null
DCO_BRZ,DCO_BRZ_Av4v5--Serp_Lig_GOR1CDEF_2013,FALSE,v4v5,Archaea,FALSE,"terrestrial biome",spring,water,high,44.597,8.7833,12.25,20
DCO_BRZ,DCO_BRZ_Av4v5--Serp_Lig_GORupA_2013,FALSE,v4v5,Archaea,FALSE,"terrestrial biome",spring,water,high,44.597,8.7833,9.5,21.9
DCO_BRZ,DCO_BRZ_Av4v5--Serp_TL_WHC2B_Aug10,FALSE,v4v5,Archaea,FALSE,"terrestrial biome",spring,water,high,49.4653,-57.95763,null,null
DCO_BRZ,DCO_BRZ_Bv4v5--CRO_CSW1_1A_Aug13,FALSE,v4v5,Bacteria,FALSE,"terrestrial biome",borehole,fluid,high,38.862,-122.414,12.39,16.16
DCO_BRZ,DCO_BRZ_Bv4v5--CRO_CSW1_1A_Jul14,FALSE,v4v5,Bacteria,FALSE,"terrestrial biome",borehole,fluid,high,38.862,-122.414,12.05,15.75
DCO_BRZ,DCO_BRZ_Bv4v5--CRO_CSW1_1B_Aug13,FALSE,v4v5,Bacteria,FALSE,"terrestrial biome",borehole,fluid,high,38.862,-122.414,12.39,16.16
DCO_BRZ,DCO_BRZ_Bv4v5--CRO_CSW1_1B_Jul14,FALSE,v4v5,Bacteria,FALSE,"terrestrial biome",borehole,fluid,high,38.862,-122.414,12.32,16.31
DCO_BRZ,DCO_BRZ_Bv4v5--CRO_CSW1_1C_Aug13,FALSE,v4v5,Bacteria,FALSE,"terrestrial biome",borehole,fluid,high,38.862,-122.414,12.39,16.16
DCO_BRZ,DCO_BRZ_Bv4v5--CRO_CSW1_1C_Jul14,FALSE,v4v5,Bacteria,FALSE,"terrestrial biome",borehole,fluid,high,38.862,-122.414,12.32,16.31
DCO_BRZ,DCO_BRZ_Bv4v5--CRO_CSW1_3A_Aug13,FALSE,v4v5,Bacteria,FALSE,"terrestrial biome",borehole,fluid,high,38.862,-122.41402,10.2,16.51
DCO_BRZ,DCO_BRZ_Bv4v5--CRO_CSW1_3A_Jul14,FALSE,v4v5,Bacteria,FALSE,"terrestrial biome",borehole,fluid,high,38.862,-122.41402,10.29,15.6
DCO_BRZ,DCO_BRZ_Bv4v5--CRO_CSW1_3B_Aug13,FALSE,v4v5,Bacteria,FALSE,"terrestrial biome",borehole,fluid,high,38.862,-122.41402,10.2,16.51
DCO_BRZ,DCO_BRZ_Bv4v5--CRO_CSW1_3B_Jul14,FALSE,v4v5,Bacteria,FALSE,"terrestrial biome",borehole,fluid,high,38.862,-122.41402,10.29,15.6
DCO_BRZ,DCO_BRZ_Bv4v5--CRO_CSW1_3C_Aug13,FALSE,v4v5,Bacteria,FALSE,"terrestrial biome",borehole,fluid,high,38.862,-122.41402,10.2,16.51
DCO_BRZ,DCO_BRZ_Bv4v5--CRO_QV1_1A_Aug13,FALSE,v4v5,Bacteria,FALSE,"terrestrial biome",borehole,fluid,high,38.862,-122.43006,11.64,16.36
DCO_BRZ,DCO_BRZ_Bv4v5--CRO_QV1_1A_Jul14,FALSE,v4v5,Bacteria,FALSE,"terrestrial biome",borehole,fluid,high,38.862,-122.43006,11.47,17.53
DCO_BRZ,DCO_BRZ_Bv4v5--CRO_QV1_1B_Aug13,FALSE,v4v5,Bacteria,FALSE,"terrestrial biome",borehole,fluid,high,38.862,-122.43006,11.64,16.36
DCO_BRZ,DCO_BRZ_Bv4v5--CRO_QV1_1B_Jul14,FALSE,v4v5,Bacteria,FALSE,"terrestrial biome",borehole,fluid,high,38.862,-122.43006,11.51,17.44
DCO_BRZ,DCO_BRZ_Bv4v5--CRO_QV1_1C_Aug13,FALSE,v4v5,Bacteria,FALSE,"terrestrial biome",borehole,fluid,high,38.862,-122.43006,11.64,16.36
DCO_BRZ,DCO_BRZ_Bv4v5--CRO_QV1_1C_Jul14,FALSE,v4v5,Bacteria,FALSE,"terrestrial biome",borehole,fluid,high,38.862,-122.43006,11.51,17.44
DCO_BRZ,DCO_BRZ_Bv4v5--CRO_QV1_2A_Aug13,FALSE,v4v5,Bacteria,FALSE,"terrestrial biome",borehole,fluid,high,38.86202,-122.43006,9.07,16.63
DCO_BRZ,DCO_BRZ_Bv4v5--CRO_QV1_2A_Jul14,FALSE,v4v5,Bacteria,FALSE,"terrestrial biome",borehole,fluid,high,38.86202,-122.43006,9.43,16.91
DCO_BRZ,DCO_BRZ_Bv4v5--CRO_QV1_2B_Aug13,FALSE,v4v5,Bacteria,FALSE,"terrestrial biome",borehole,fluid,high,38.86202,-122.43006,9.07,16.63
DCO_BRZ,DCO_BRZ_Bv4v5--CRO_QV1_2B_Jul14,FALSE,v4v5,Bacteria,FALSE,"terrestrial biome",borehole,fluid,high,38.86202,-122.43006,9.43,16.91
DCO_BRZ,DCO_BRZ_Bv4v5--CRO_QV1_2C_Aug13,FALSE,v4v5,Bacteria,FALSE,"terrestrial biome",borehole,fluid,high,38.86202,-122.43006,9.07,16.63
DCO_BRZ,DCO_BRZ_Bv4v5--CSWold_A_Aug13,FALSE,v4v5,Bacteria,FALSE,"terrestrial biome",borehole,fluid,high,38.86193,-122.414,9.82,18.18
DCO_BRZ,DCO_BRZ_Bv4v5--CSWold_A_Dec13,FALSE,v4v5,Bacteria,FALSE,"terrestrial biome",borehole,fluid,high,38.86193,-122.414,9.36,17.9
DCO_BRZ,DCO_BRZ_Bv4v5--CSWold_June11,FALSE,v4v5,Bacteria,FALSE,"terrestrial biome",borehole,fluid,high,38.86193,-122.414,null,null
DCO_BRZ,DCO_BRZ_Bv4v5--CSWold_Mar12,FALSE,v4v5,Bacteria,FALSE,"terrestrial biome",borehole,fluid,high,38.86193,-122.414,9.76,null
DCO_BRZ,DCO_BRZ_Bv4v5--N08A_A_Dec13,FALSE,v4v5,Bacteria,FALSE,"terrestrial biome",borehole,fluid,high,38.862,-122.43,10.17,15.34
DCO_BRZ,DCO_BRZ_Bv4v5--N08A_B_Aug13,FALSE,v4v5,Bacteria,FALSE,"terrestrial biome",borehole,fluid,high,38.862,-122.43,10.37,17.99
DCO_BRZ,DCO_BRZ_Bv4v5--N08A_July11,FALSE,v4v5,Bacteria,FALSE,"terrestrial biome",borehole,fluid,high,38.862,-122.43,10.75,null
DCO_BRZ,DCO_BRZ_Bv4v5--N08Aa_Aug12,FALSE,v4v5,Bacteria,FALSE,"terrestrial biome",borehole,fluid,high,38.862,-122.43,10.52,16.2
DCO_BRZ,DCO_BRZ_Bv4v5--N08B_A_Aug13,FALSE,v4v5,Bacteria,FALSE,"terrestrial biome",borehole,fluid,high,38.86201,-122.43,10.98,16.03
DCO_BRZ,DCO_BRZ_Bv4v5--N08B_A_Dec13,FALSE,v4v5,Bacteria,FALSE,"terrestrial biome",borehole,fluid,high,38.86201,-122.43,10.55,15.03
DCO_BRZ,DCO_BRZ_Bv4v5--N08B_July11,FALSE,v4v5,Bacteria,FALSE,"terrestrial biome",borehole,fluid,high,38.86201,-122.43,11.51,16.6
DCO_BRZ,DCO_BRZ_Bv4v5--N08Ba_Aug12,FALSE,v4v5,Bacteria,FALSE,"terrestrial biome",borehole,fluid,high,38.86201,-122.43,10.81,16.2
DCO_BRZ,DCO_BRZ_Bv4v5--N08Bb_Aug12,FALSE,v4v5,Bacteria,FALSE,"terrestrial biome",borehole,fluid,high,38.86201,-122.43,10.81,16.2
DCO_BRZ,DCO_BRZ_Bv4v5--N08Bc_Aug12,FALSE,v4v5,Bacteria,FALSE,"terrestrial biome",borehole,fluid,high,38.86201,-122.43,10.8,16
DCO_BRZ,DCO_BRZ_Bv4v5--N08C_A_Aug13,FALSE,v4v5,Bacteria,FALSE,"terrestrial biome",borehole,fluid,high,38.86202,-122.43,7.55,14.99
DCO_BRZ,DCO_BRZ_Bv4v5--N08C_A_Dec13,FALSE,v4v5,Bacteria,FALSE,"terrestrial biome",borehole,fluid,high,38.86202,-122.43,8.67,15.1
DCO_BRZ,DCO_BRZ_Bv4v5--N1A_Aug12,FALSE,v4v5,Bacteria,FALSE,"terrestrial biome",borehole,fluid,high,38.882,-122.478,6.91,17.2
DCO_BRZ,DCO_BRZ_Bv4v5--N5A_Aug12,FALSE,v4v5,Bacteria,FALSE,"terrestrial biome",borehole,fluid,high,38.871,-122.428,9.16,16.7
DCO_BRZ,DCO_BRZ_Bv4v5--Serp_CRO_8A_Apr11_Bv4v5,FALSE,v4v5,Bacteria,FALSE,"terrestrial biome",borehole,fluid,high,38.862,-122.43,11.11,15.8
DCO_BRZ,DCO_BRZ_Bv4v5--Serp_CRO_8A_Aug11_Bv4v5,FALSE,v4v5,Bacteria,FALSE,"terrestrial biome",borehole,fluid,high,38.862,-122.43,10.7,18.4
DCO_BRZ,DCO_BRZ_Bv4v5--Serp_CRO_8B_AprC11_Bv4v5,FALSE,v4v5,Bacteria,FALSE,"terrestrial biome",borehole,fluid,high,38.86201,-122.43,11.62,19.4
DCO_BRZ,DCO_BRZ_Bv4v5--Serp_CRO_8B_AprD11_Bv4v5,FALSE,v4v5,Bacteria,FALSE,"terrestrial biome",borehole,fluid,high,38.86201,-122.43,11.62,19.4
DCO_BRZ,DCO_BRZ_Bv4v5--Serp_CRO_CSW11ABCD_Jun12_Bv4v5,FALSE,v4v5,Bacteria,FALSE,"terrestrial biome",borehole,fluid,high,38.862,-122.414,null,null
DCO_BRZ,DCO_BRZ_Bv4v5--Serp_CRO_CSW1_1A_Mar13,FALSE,v4v5,Bacteria,FALSE,"terrestrial biome",borehole,fluid,high,38.862,-122.414,12.17,14.85
DCO_BRZ,DCO_BRZ_Bv4v5--Serp_CRO_CSW1_2A_Mar13,FALSE,v4v5,Bacteria,FALSE,"terrestrial biome",borehole,fluid,high,38.862,-122.414,8.68,14.8
DCO_BRZ,DCO_BRZ_Bv4v5--Serp_CRO_CSW1_3B_Mar13,FALSE,v4v5,Bacteria,FALSE,"terrestrial biome",borehole,fluid,high,38.862,-122.414,10.08,15.19
DCO_BRZ,DCO_BRZ_Bv4v5--Serp_CRO_CSW1_4A_Mar13,FALSE,v4v5,Bacteria,FALSE,"terrestrial biome",borehole,fluid,high,38.862,-122.414,7.77,14.23
DCO_BRZ,DCO_BRZ_Bv4v5--Serp_CRO_CSW1_5A_Mar13,FALSE,v4v5,Bacteria,FALSE,"terrestrial biome",borehole,fluid,high,38.862,-122.414,9.34,15.24
DCO_BRZ,DCO_BRZ_Bv4v5--Serp_CRO_CSW_Aug11_Bv4v5,FALSE,v4v5,Bacteria,FALSE,"terrestrial biome",borehole,fluid,high,38.86193,-122.414,null,null
DCO_BRZ,DCO_BRZ_Bv4v5--Serp_CRO_CSWold2_Jul11_Bv4v5,FALSE,v4v5,Bacteria,FALSE,"terrestrial biome",borehole,fluid,high,38.86193,-122.414,null,null
DCO_BRZ,DCO_BRZ_Bv4v5--Serp_CRO_CSWold3_Jul11_Bv4v5,FALSE,v4v5,Bacteria,FALSE,"terrestrial biome",borehole,fluid,high,38.86193,-122.414,null,null
DCO_BRZ,DCO_BRZ_Bv4v5--Serp_CRO_CSWoldA_Mar13,FALSE,v4v5,Bacteria,FALSE,"terrestrial biome",borehole,fluid,high,38.86193,-122.414,9.84,17.74
DCO_BRZ,DCO_BRZ_Bv4v5--Serp_CRO_CSWoldB_Mar13,FALSE,v4v5,Bacteria,FALSE,"terrestrial biome",borehole,fluid,high,38.86193,-122.414,9.84,17.74
DCO_BRZ,DCO_BRZ_Bv4v5--Serp_CRO_CSWoldT0_Mar13,FALSE,v4v5,Bacteria,FALSE,"terrestrial biome",borehole,fluid,high,38.86193,-122.414,9.84,17.74
DCO_BRZ,DCO_BRZ_Bv4v5--Serp_CRO_CSWold_11_11_Bv4v5,FALSE,v4v5,Bacteria,FALSE,"terrestrial biome",borehole,fluid,high,38.86193,-122.414,9.88,null
DCO_BRZ,DCO_BRZ_Bv4v5--Serp_CRO_CSWwell_Aug11_Bv4v5,FALSE,v4v5,Bacteria,FALSE,"terrestrial biome",borehole,fluid,high,38.86193,-122.414,null,null
DCO_BRZ,DCO_BRZ_Bv4v5--Serp_CRO_N08AB_Mar13,FALSE,v4v5,Bacteria,FALSE,"terrestrial biome",borehole,fluid,high,38.862,-122.43,10.73,14.57
DCO_BRZ,DCO_BRZ_Bv4v5--Serp_CRO_N08A_Apr11_Bv4v5,FALSE,v4v5,Bacteria,FALSE,"terrestrial biome",borehole,fluid,high,38.862,-122.43,null,null
DCO_BRZ,DCO_BRZ_Bv4v5--Serp_CRO_N08A_Aug11_Bv4v5,FALSE,v4v5,Bacteria,FALSE,"terrestrial biome",borehole,fluid,high,38.862,-122.43,10.7,18.4
DCO_BRZ,DCO_BRZ_Bv4v5--Serp_CRO_N08BA_Mar13,FALSE,v4v5,Bacteria,FALSE,"terrestrial biome",borehole,fluid,high,38.86201,-122.43,10.87,14.65
DCO_BRZ,DCO_BRZ_Bv4v5--Serp_CRO_N08BB_Mar13,FALSE,v4v5,Bacteria,FALSE,"terrestrial biome",borehole,fluid,high,38.86201,-122.43,10.87,14.65
DCO_BRZ,DCO_BRZ_Bv4v5--Serp_CRO_N08CA_Mar13,FALSE,v4v5,Bacteria,FALSE,"terrestrial biome",borehole,fluid,high,38.86202,-122.43,7.41,14.56
DCO_BRZ,DCO_BRZ_Bv4v5--Serp_CRO_N08T0_Mar13,FALSE,v4v5,Bacteria,FALSE,"terrestrial biome",borehole,fluid,high,38.862,-122.43,10.87,14.65
DCO_BRZ,DCO_BRZ_Bv4v5--Serp_CRO_QV13A_Aug12_Bv4v5,FALSE,v4v5,Bacteria,FALSE,"terrestrial biome",borehole,fluid,high,38.862,-122.43006,10.13,16.9
DCO_BRZ,DCO_BRZ_Bv4v5--Serp_CRO_QV1_1A_Mar13,FALSE,v4v5,Bacteria,FALSE,"terrestrial biome",borehole,fluid,high,38.862,-122.43006,11.41,15.36
DCO_BRZ,DCO_BRZ_Bv4v5--Serp_CRO_QV1_2B_Mar13,FALSE,v4v5,Bacteria,FALSE,"terrestrial biome",borehole,fluid,high,38.862,-122.43006,7.02,15.8
DCO_BRZ,DCO_BRZ_Bv4v5--Serp_CRO_QV1_3B_Mar13,FALSE,v4v5,Bacteria,FALSE,"terrestrial biome",borehole,fluid,high,38.862,-122.43006,9.43,16
DCO_BRZ,DCO_BRZ_Bv4v5--Serp_CRO_Well8B_Apr11_Bv4v5,FALSE,v4v5,Bacteria,FALSE,"terrestrial biome",borehole,fluid,high,38.86201,-122.43,null,null
DCO_BRZ,DCO_BRZ_Bv4v5--Serp_CRO_tank1_Aug11_Bv4v5,FALSE,v4v5,Bacteria,FALSE,"terrestrial biome",borehole,fluid,high,38.862,-122.414,null,null
DCO_BRZ,DCO_BRZ_Bv4v5--Serp_CRO_tank3_Aug11_Bv4v5,FALSE,v4v5,Bacteria,FALSE,"terrestrial biome",borehole,fluid,high,38.862,-122.414,null,null
DCO_BRZ,DCO_BRZ_Bv4v5--Serp_LC1408,FALSE,v4v5,Bacteria,FALSE,"marine biome","hydrothermal vent",biofilm,high,30.123203,-42.118972,10.67,88
DCO_BRZ,DCO_BRZ_Bv4v5--Serp_LC3862_1325,FALSE,v4v5,Bacteria,FALSE,"marine biome","hydrothermal vent",biofilm,high,30.123203,-42.118972,null,null
DCO_BRZ,DCO_BRZ_Bv4v5--Serp_LC_BB02_Bv4v5,FALSE,v4v5,Bacteria,FALSE,"marine biome","hydrothermal vent",biofilm,high,30.123961,-42.119688,null,null
DCO_BRZ,DCO_BRZ_Bv4v5--Serp_LC_BB03_Bv4v5,FALSE,v4v5,Bacteria,FALSE,"marine biome","hydrothermal vent",biofilm,high,30.124358,-42.119149,null,null
DCO_BRZ,DCO_BRZ_Bv4v5--Serp_LC_BB10,FALSE,v4v5,Bacteria,FALSE,"marine biome","hydrothermal vent",biofilm,high,30.123357,-42.1206,null,null
DCO_BRZ,DCO_BRZ_Bv4v5--Serp_LC_BB10_Bv4v5,FALSE,v4v5,Bacteria,FALSE,"marine biome","hydrothermal vent",biofilm,high,30.123357,-42.1206,null,null
DCO_BRZ,DCO_BRZ_Bv4v5--Serp_LC_BB12,FALSE,v4v5,Bacteria,FALSE,"marine biome","hydrothermal vent",biofilm,high,30.123871,-42.120517,10.5,null
DCO_BRZ,DCO_BRZ_Bv4v5--Serp_LC_BB13,FALSE,v4v5,Bacteria,FALSE,"marine biome","hydrothermal vent",biofilm,high,30.123934,-42.120154,10.1,70
DCO_BRZ,DCO_BRZ_Bv4v5--Serp_LC_BB14,FALSE,v4v5,Bacteria,FALSE,"marine biome","hydrothermal vent",biofilm,high,30.124259,-42.118724,null,null
DCO_BRZ,DCO_BRZ_Bv4v5--Serp_LC_BB15,FALSE,v4v5,Bacteria,FALSE,"marine biome","hydrothermal vent",biofilm,high,30.124286,-42.119138,null,null
DCO_BRZ,DCO_BRZ_Bv4v5--Serp_LC_BB16,FALSE,v4v5,Bacteria,FALSE,"marine biome","hydrothermal vent",biofilm,high,30.124286,-42.119138,null,null
DCO_BRZ,DCO_BRZ_Bv4v5--Serp_LC_BB17,FALSE,v4v5,Bacteria,FALSE,"marine biome","hydrothermal vent",biofilm,high,30.124178,-42.119698,null,44
DCO_BRZ,DCO_BRZ_Bv4v5--Serp_LC_BB18_Bv4v5,FALSE,v4v5,Bacteria,FALSE,"marine biome","hydrothermal vent",biofilm,high,30.124178,-42.119698,null,null
DCO_BRZ,DCO_BRZ_Bv4v5--Serp_LC_BB20,FALSE,v4v5,Bacteria,FALSE,"marine biome","hydrothermal vent",biofilm,high,30.123934,-42.120154,10.1,70
DCO_BRZ,DCO_BRZ_Bv4v5--Serp_LC_BB21,FALSE,v4v5,Bacteria,FALSE,"marine biome","hydrothermal vent",biofilm,high,30.123934,-42.120154,10.1,70
DCO_BRZ,DCO_BRZ_Bv4v5--Serp_LC_BB22,FALSE,v4v5,Bacteria,FALSE,"marine biome","hydrothermal vent",biofilm,high,30.123934,-42.120154,10.1,70
DCO_BRZ,DCO_BRZ_Bv4v5--Serp_LC_BB25,FALSE,v4v5,Bacteria,FALSE,"marine biome","hydrothermal vent",biofilm,high,30.123934,-42.120154,null,null
DCO_BRZ,DCO_BRZ_Bv4v5--Serp_LC_BB27_Bv4v5,FALSE,v4v5,Bacteria,FALSE,"marine biome","hydrothermal vent",biofilm,high,30.123934,-42.120154,null,null
DCO_BRZ,DCO_BRZ_Bv4v5--Serp_LC_BB28_Bv4v5,FALSE,v4v5,Bacteria,FALSE,"marine biome","hydrothermal vent",biofilm,high,30.123826,-42.120621,null,null
DCO_BRZ,DCO_BRZ_Bv4v5--Serp_LC_BB31,FALSE,v4v5,Bacteria,FALSE,"marine biome","hydrothermal vent",biofilm,high,30.12397,-42.120113,10.2,88
DCO_BRZ,DCO_BRZ_Bv4v5--Serp_LC_BB32,FALSE,v4v5,Bacteria,FALSE,"marine biome","hydrothermal vent",biofilm,high,30.123492,-42.118506,null,null
DCO_BRZ,DCO_BRZ_Bv4v5--Serp_LC_BB33,FALSE,v4v5,Bacteria,FALSE,"marine biome","hydrothermal vent",biofilm,high,30.123492,-42.120538,null,null
DCO_BRZ,DCO_BRZ_Bv4v5--Serp_LC_BB35,FALSE,v4v5,Bacteria,FALSE,"marine biome","hydrothermal vent",biofilm,high,30.124755,-42.119024,8.7,28
DCO_BRZ,DCO_BRZ_Bv4v5--Serp_LC_BB36,FALSE,v4v5,Bacteria,FALSE,"marine biome","hydrothermal vent",biofilm,high,30.123961,-42.119688,10.97,55
DCO_BRZ,DCO_BRZ_Bv4v5--Serp_LC_BB37,FALSE,v4v5,Bacteria,FALSE,"marine biome","hydrothermal vent",biofilm,high,30.124782,-42.11863,null,null
DCO_BRZ,DCO_BRZ_Bv4v5--Serp_LC_BB4,FALSE,v4v5,Bacteria,FALSE,"marine biome","hydrothermal vent",biofilm,high,30.124069,-42.120019,null,null
DCO_BRZ,DCO_BRZ_Bv4v5--Serp_LC_BB40,FALSE,v4v5,Bacteria,FALSE,"marine biome","hydrothermal vent",biofilm,high,30.12406,-42.119107,null,12.5
DCO_BRZ,DCO_BRZ_Bv4v5--Serp_LC_BB41,FALSE,v4v5,Bacteria,FALSE,"marine biome","hydrothermal vent",biofilm,high,30.123492,-42.118506,null,null
DCO_BRZ,DCO_BRZ_Bv4v5--Serp_LC_BB43,FALSE,v4v5,Bacteria,FALSE,"marine biome","hydrothermal vent",biofilm,high,30.123492,-42.118506,null,null
DCO_BRZ,DCO_BRZ_Bv4v5--Serp_LC_BB46,FALSE,v4v5,Bacteria,FALSE,"marine biome","hydrothermal vent",biofilm,high,30.123492,-42.118506,null,null
DCO_BRZ,DCO_BRZ_Bv4v5--Serp_LC_BB49,FALSE,v4v5,Bacteria,FALSE,"marine biome","hydrothermal vent",biofilm,high,30.123465,-42.120082,null,9.9
DCO_BRZ,DCO_BRZ_Bv4v5--Serp_LC_BB6,FALSE,v4v5,Bacteria,FALSE,"marine biome","hydrothermal vent",biofilm,high,30.123889,-42.120061,10.7,91
DCO_BRZ,DCO_BRZ_Bv4v5--Serp_LC_BB7,FALSE,v4v5,Bacteria,FALSE,"marine biome","hydrothermal vent",biofilm,high,30.124078,-42.119325,null,null
DCO_BRZ,DCO_BRZ_Bv4v5--Serp_LC_BB8,FALSE,v4v5,Bacteria,FALSE,"marine biome","hydrothermal vent",biofilm,high,30.123997,-42.118962,9.76,null
DCO_BRZ,DCO_BRZ_Bv4v5--Serp_LC_BB9,FALSE,v4v5,Bacteria,FALSE,"marine biome","hydrothermal vent",biofilm,high,30.125314,-42.118869,null,null
DCO_BRZ,DCO_BRZ_Bv4v5--Serp_LC_H08_1_3_Bv4v5,FALSE,v4v5,Bacteria,FALSE,"marine biome","hydrothermal vent",biofilm,high,30.124051,-42.119532,null,null
DCO_BRZ,DCO_BRZ_Bv4v5--Serp_LC_HO8_2_2_Bv4v5,FALSE,v4v5,Bacteria,FALSE,"marine biome","hydrothermal vent",biofilm,high,30.124051,-42.119532,null,null
DCO_BRZ,DCO_BRZ_Bv4v5--Serp_LC_HO8_3_2_Bv4v5,FALSE,v4v5,Bacteria,FALSE,"marine biome","hydrothermal vent",biofilm,high,30.124051,-42.119532,null,null
DCO_BRZ,DCO_BRZ_Bv4v5--Serp_LIG_BR2_back1_Jun12_Bv4v5,FALSE,v4v5,Bacteria,FALSE,"terrestrial biome",spring,water,high,44.4512,8.782,8.06,18.7
DCO_BRZ,DCO_BRZ_Bv4v5--Serp_LIG_BR2_back2_Jun12_Bv4v5,FALSE,v4v5,Bacteria,FALSE,"terrestrial biome",spring,water,high,44.4512,8.782,8.06,18.7
DCO_BRZ,DCO_BRZ_Bv4v5--Serp_LIG_GOR1_11_65_Oct11_A2_Bv4v5,FALSE,v4v5,Bacteria,FALSE,"terrestrial biome",spring,water,high,44.597,8.7833,null,null
DCO_BRZ,DCO_BRZ_Bv4v5--Serp_LIG_Gor_upA_Jul12_Bv4v5,FALSE,v4v5,Bacteria,FALSE,"terrestrial biome",spring,water,high,44.597,8.7833,9.34,22.9
DCO_BRZ,DCO_BRZ_Bv4v5--Serp_LIG_Gor_upB_Jul12_Bv4v5,FALSE,v4v5,Bacteria,FALSE,"terrestrial biome",spring,water,high,44.597,8.7833,9.34,22.9
DCO_BRZ,DCO_BRZ_Bv4v5--Serp_LIG_L43_upstream_Oct11_Bv4v5,FALSE,v4v5,Bacteria,FALSE,"terrestrial biome",spring,water,high,44.4584,8.7688,9,12.1
DCO_BRZ,DCO_BRZ_Bv4v5--Serp_LIG_LER20_11_117_Oct11_A2_Bv4v5,FALSE,v4v5,Bacteria,FALSE,"terrestrial biome",spring,water,high,44.4214,8.6564,null,null
DCO_BRZ,DCO_BRZ_Bv4v5--Serp_LIG_LER20_LS11_127_Oct11,FALSE,v4v5,Bacteria,FALSE,"terrestrial biome",spring,water,high,44.4214,8.6564,null,null
DCO_BRZ,DCO_BRZ_Bv4v5--Serp_LIG_LER20_lipids2011_Bv4v5,FALSE,v4v5,Bacteria,FALSE,"terrestrial biome",spring,water,high,44.4214,8.6564,null,null
DCO_BRZ,DCO_BRZ_Bv4v5--Serp_LIG_PIO14_11_83_Oct11_A2_Bv4v5,FALSE,v4v5,Bacteria,FALSE,"terrestrial biome",spring,water,high,44.5972,8.7294,null,null
DCO_BRZ,DCO_BRZ_Bv4v5--Serp_Lig_GOR1AB_2013,FALSE,v4v5,Bacteria,FALSE,"terrestrial biome",spring,water,high,44.597,8.7833,12.06,20.5
DCO_BRZ,DCO_BRZ_Bv4v5--Serp_Lig_GOR1CDEF_2013,FALSE,v4v5,Bacteria,FALSE,"terrestrial biome",spring,water,high,44.597,8.7833,12.25,20
DCO_BRZ,DCO_BRZ_Bv4v5--Serp_Lig_GORupA_2013,FALSE,v4v5,Bacteria,FALSE,"terrestrial biome",spring,water,high,44.597,8.7833,9.5,21.9
DCO_BRZ,DCO_BRZ_Bv4v5--Serp_Lig_GORupB_2013,FALSE,v4v5,Bacteria,FALSE,"terrestrial biome",spring,water,high,44.597,8.7833,9.26,22.4
DCO_BRZ,DCO_BRZ_Bv4v5--Serp_TL_WHC2A_DNA3_Jun11_Bv4v5,FALSE,v4v5,Bacteria,FALSE,"terrestrial biome",spring,water,high,49.4653,-57.95763,null,null
DCO_BRZ,DCO_BRZ_Bv4v5--Serp_TL_WHC2B_Aug10,FALSE,v4v5,Bacteria,FALSE,"terrestrial biome",spring,water,high,49.4653,-57.95763,null,null
DCO_BRZ,DCO_BRZ_Bv4v5--Serp_TL_WHC2C_DNA2_Jun11_Bv4v5,FALSE,v4v5,Bacteria,FALSE,"terrestrial biome",spring,water,high,49.4653,-57.95763,null,null
DCO_BRZ,DCO_BRZ_Bv4v5--Serp_TL_WHC75_DNA2_Jun11_Bv4v5,FALSE,v4v5,Bacteria,FALSE,"terrestrial biome",spring,water,high,49.4648,-57.9584,null,null
DCO_CMT,DCO_CMT_Av6--Challenger_Middle_Pond_ThreeMicron,FALSE,v6,Archaea,FALSE,"marine biome",trench,water,high,11.36902,142.43,7.7,2.5
DCO_CMT,DCO_CMT_Av6--Challenger_Middle_Pond_ZeroPointOneMicron,FALSE,v6,Archaea,FALSE,"marine biome",trench,water,high,11.37,142.43,7.7,2.5
DCO_CMT,DCO_CMT_Av6--Challenger_Middle_Pond_ZeroPointTwoMicron,FALSE,v6,Archaea,FALSE,"marine biome",trench,water,high,11.37,142.43,7.7,2.5
DCO_CMT,DCO_CMT_Av6--Challenger_West_Pond_ThreeMicron,FALSE,v6,Archaea,FALSE,"marine biome",trench,water,high,11.34,142.2,7.7,2.5
DCO_CMT,DCO_CMT_Av6--Challenger_West_Pond_ZeroPointOneMicron,FALSE,v6,Archaea,FALSE,"marine biome",trench,water,high,11.34,142.2,7.7,2.5
DCO_CMT,DCO_CMT_Av6--Challenger_West_Pond_ZeroPointTwoMicron,FALSE,v6,Archaea,FALSE,"marine biome",trench,water,high,11.34,142.2,7.7,2.5
DCO_CMT,DCO_CMT_Av6--Sirena_Deep_ThreeMicron,FALSE,v6,Archaea,FALSE,"marine biome",trench,water,high,12.04,144.35,7.7,2.5
DCO_CMT,DCO_CMT_Av6--Sirena_Deep_ZeroPointOneMicron,FALSE,v6,Archaea,FALSE,"marine biome",trench,water,high,12.04,144.35,7.7,2.5
DCO_CMT,DCO_CMT_Av6--Sirena_Deep_ZeroPointTwoMicron,FALSE,v6,Archaea,FALSE,"marine biome",trench,water,high,12.04,144.35,7.7,2.5
DCO_CMT,DCO_CMT_Av6--Ulithi_ThreeMicron,FALSE,v6,Archaea,FALSE,"marine biome",trench,water,high,10.01,139.75,7.7,6
DCO_CMT,DCO_CMT_Av6--Ulithi_ZeroPointOneMicron,FALSE,v6,Archaea,FALSE,"marine biome",trench,water,high,10.01,139.75,7.7,6
DCO_CMT,DCO_CMT_Av6--Ulithi_ZeroPointTwoMicron,FALSE,v6,Archaea,FALSE,"marine biome",trench,water,high,10.01,139.75,7.7,6
DCO_CMT,DCO_CMT_Bv6--Challenger_Middle_Pond_ThreeMicron,FALSE,v6,Bacteria,FALSE,"marine biome",trench,water,high,11.36902,142.43,7.7,2.5
DCO_CMT,DCO_CMT_Bv6--Challenger_Middle_Pond_ZeroPointOneMicron,FALSE,v6,Bacteria,FALSE,"marine biome",trench,water,high,11.37,142.43,7.7,2.5
DCO_CMT,DCO_CMT_Bv6--Challenger_Middle_Pond_ZeroPointTwoMicron,FALSE,v6,Bacteria,FALSE,"marine biome",trench,water,high,11.37,142.43,7.7,2.5
DCO_CMT,DCO_CMT_Bv6--Challenger_West_Pond_ThreeMicron,FALSE,v6,Bacteria,FALSE,"marine biome",trench,water,high,11.34,142.2,7.7,2.5
DCO_CMT,DCO_CMT_Bv6--Challenger_West_Pond_ZeroPointOneMicron,FALSE,v6,Bacteria,FALSE,"marine biome",trench,water,high,11.34,142.2,7.7,2.5
DCO_CMT,DCO_CMT_Bv6--Challenger_West_Pond_ZeroPointTwoMicron,FALSE,v6,Bacteria,FALSE,"marine biome",trench,water,high,11.34,142.2,7.7,2.5
DCO_CMT,DCO_CMT_Bv6--Sirena_Deep_ThreeMicron,FALSE,v6,Bacteria,FALSE,"marine biome",trench,water,high,12.04,144.35,7.7,2.5
DCO_CMT,DCO_CMT_Bv6--Sirena_Deep_ZeroPointOneMicron,FALSE,v6,Bacteria,FALSE,"marine biome",trench,water,high,12.04,144.35,7.7,2.5
DCO_CMT,DCO_CMT_Bv6--Sirena_Deep_ZeroPointTwoMicron,FALSE,v6,Bacteria,FALSE,"marine biome",trench,water,high,12.04,144.35,7.7,2.5
DCO_CMT,DCO_CMT_Bv6--Ulithi_ThreeMicron,FALSE,v6,Bacteria,FALSE,"marine biome",trench,water,high,10.01,139.75,7.7,6
DCO_CMT,DCO_CMT_Bv6--Ulithi_ZeroPointOneMicron,FALSE,v6,Bacteria,FALSE,"marine biome",trench,water,high,10.01,139.75,7.7,6
DCO_CMT,DCO_CMT_Bv6--Ulithi_ZeroPointTwoMicron,FALSE,v6,Bacteria,FALSE,"marine biome",trench,water,high,10.01,139.75,7.7,6
DCO_DAL,DCO_DAL_Bv4v5--AgiaParaskevi,FALSE,v4v5,Bacteria,FALSE,terrestrial,"hydrothermal vent",water,high,39.924,23.59,6.31,31.5
DCO_DAL,DCO_DAL_Bv4v5--Alexandria,FALSE,v4v5,Bacteria,FALSE,terrestrial,"hydrothermal vent",water,high,40.667,22.424,7.82,33.9
DCO_DAL,DCO_DAL_Bv4v5--Giotrisi,FALSE,v4v5,Bacteria,FALSE,terrestrial,"hydrothermal vent",water,high,40.497,25.603,6.38,77.3
DCO_DAL,DCO_DAL_Bv4v5--Kabasilon,FALSE,v4v5,Bacteria,FALSE,terrestrial,"hydrothermal vent",water,high,40.105,20.707,7.25,30.2
DCO_DAL,DCO_DAL_Bv4v5--Mesochori3,FALSE,v4v5,Bacteria,FALSE,terrestrial,"hydrothermal vent",water,high,40.891,21.532,6.74,27.7
DCO_DAL,DCO_DAL_Bv4v5--NeaApollonia3,FALSE,v4v5,Bacteria,FALSE,terrestrial,"hydrothermal vent",water,high,40.657,23.415,7.71,45.2
DCO_DAL,DCO_DAL_Bv4v5--NeaKessani,FALSE,v4v5,Bacteria,FALSE,terrestrial,"hydrothermal vent",water,high,41.017,25.051,6.3,61.5
DCO_DAL,DCO_DAL_Bv4v5--NeoErasmio,FALSE,v4v5,Bacteria,FALSE,terrestrial,"hydrothermal vent",water,high,40.923,24.836,8.03,55
DCO_DAL,DCO_DAL_Bv4v5--Nymfopetra,FALSE,v4v5,Bacteria,FALSE,terrestrial,"hydrothermal vent",water,high,40.689,23.355,7.85,37.4
DCO_DAL,DCO_DAL_Bv4v5--Termopigi,FALSE,v4v5,Bacteria,FALSE,terrestrial,"hydrothermal vent",water,high,41.282,23.364,6.11,45.4
DCO_DAL,DCO_DAL_Bv4v5--Traianoupoli,FALSE,v4v5,Bacteria,FALSE,terrestrial,"hydrothermal vent",water,high,40.866,26.034,6.56,50.8
DCO_GAI,DCO_GAI_Bv3v5--S1,FALSE,v3v5,Bacteria,FALSE,"terrestrial biome",lake,water,high,64.49,-17.51,5.45,4
DCO_GAI,DCO_GAI_Bv3v5--S2,FALSE,v3v5,Bacteria,FALSE,"terrestrial biome",lake,water,high,64.49,-17.51,5.81,4
DCO_GAI,DCO_GAI_Bv3v5--S3,FALSE,v3v5,Bacteria,FALSE,"terrestrial biome",lake,water,high,64.49,-17.51,5.75,4
DCO_GAI,DCO_GAI_Bv3v5--S4,FALSE,v3v5,Bacteria,FALSE,"terrestrial biome",lake,water,high,64.88,-17.50915,5.21,4
DCO_GAI,DCO_GAI_Bv3v5--S5,FALSE,v3v5,Bacteria,FALSE,"terrestrial biome",lake,water,high,64.88,-17.50915,5.19,4
DCO_GAI,DCO_GAI_Bv3v5--S6,FALSE,v3v5,Bacteria,FALSE,"terrestrial biome",lake,water,high,64.88,-17.50915,5.22,4
DCO_GAI,DCO_GAI_Bv3v5--S7,FALSE,v3v5,Bacteria,FALSE,"terrestrial biome",lake,water,high,64.88,-17.50915,5.25,4
DCO_GAI,DCO_GAI_Bv3v5--Sk_hlaup,FALSE,v3v5,Bacteria,FALSE,"terrestrial biome",lake,water,high,64.26,-18.14,4.5,null
DCO_GAI,DCO_GAI_Bv6v4--S1,FALSE,v6v4,Bacteria,FALSE,"terrestrial biome",lake,water,high,64.49,-17.51,5.45,4
DCO_GAI,DCO_GAI_Bv6v4--S2,FALSE,v6v4,Bacteria,FALSE,"terrestrial biome",lake,water,high,64.49,-17.51,5.81,4
DCO_GAI,DCO_GAI_Bv6v4--S3,FALSE,v6v4,Bacteria,FALSE,"terrestrial biome",lake,water,high,64.49,-17.51,5.75,4
DCO_GAI,DCO_GAI_Bv6v4--S4,FALSE,v6v4,Bacteria,FALSE,"terrestrial biome",lake,water,high,64.88,-17.50915,5.21,4
DCO_GAI,DCO_GAI_Bv6v4--S5,FALSE,v6v4,Bacteria,FALSE,"terrestrial biome",lake,water,high,64.88,-17.50915,5.19,4
DCO_GAI,DCO_GAI_Bv6v4--S6,FALSE,v6v4,Bacteria,FALSE,"terrestrial biome",lake,water,high,64.88,-17.50915,5.22,4
DCO_GAI,DCO_GAI_Bv6v4--S7,FALSE,v6v4,Bacteria,FALSE,"terrestrial biome",lake,water,high,64.88,-17.50915,5.25,4
DCO_GAI,DCO_GAI_Bv6v4--Sk_hlaup,FALSE,v6v4,Bacteria,FALSE,"terrestrial biome",lake,water,high,64.26,-18.14,4.5,null
DCO_GMSB,DCO_GMSB_Av4v5--P10_2,FALSE,v4v5,Archaea,FALSE,"marine biome",borehole,sediment,high,27.3,-111.42,null,3
DCO_GMSB,DCO_GMSB_Av4v5--P10_4,FALSE,v4v5,Archaea,FALSE,"marine biome",borehole,sediment,high,27.3,-111.42,null,3
DCO_GMSB,DCO_GMSB_Av4v5--P11_2,FALSE,v4v5,Archaea,FALSE,"marine biome",borehole,sediment,high,27.3,-111.4,null,3
DCO_GMSB,DCO_GMSB_Av4v5--P11_5,FALSE,v4v5,Archaea,FALSE,"marine biome",borehole,sediment,high,27.3,-111.4,null,3
DCO_GMSB,DCO_GMSB_Av4v5--P12_4,FALSE,v4v5,Archaea,FALSE,"marine biome",borehole,sediment,high,27.52,-111.41,null,8
DCO_GMSB,DCO_GMSB_Av4v5--P13_4,FALSE,v4v5,Archaea,FALSE,"marine biome",borehole,sediment,high,27.12,-111.13,null,3
DCO_GMSB,DCO_GMSB_Av4v5--P3_4,FALSE,v4v5,Archaea,FALSE,"marine biome",borehole,sediment,high,27.37,-111.52,null,3
DCO_GMSB,DCO_GMSB_Av4v5--P4_3,FALSE,v4v5,Archaea,FALSE,"marine biome",borehole,sediment,high,27.38,-111.53,null,3
DCO_GMSB,DCO_GMSB_Av4v5--P6_3,FALSE,v4v5,Archaea,FALSE,"marine biome",borehole,sediment,high,27.38,-111.36,null,3
DCO_GMSB,DCO_GMSB_Av4v5--P6_4,FALSE,v4v5,Archaea,FALSE,"marine biome",borehole,sediment,high,27.38,-111.36,null,3
DCO_GMSB,DCO_GMSB_Bv4v5--P10_2,FALSE,v4v5,Bacteria,FALSE,"marine biome",borehole,sediment,high,27.3,-111.42,null,3
DCO_GMSB,DCO_GMSB_Bv4v5--P10_4,FALSE,v4v5,Bacteria,FALSE,"marine biome",borehole,sediment,high,27.3,-111.42,null,3
DCO_GMSB,DCO_GMSB_Bv4v5--P11_2,FALSE,v4v5,Bacteria,FALSE,"marine biome",borehole,sediment,high,27.3,-111.4,null,3
DCO_GMSB,DCO_GMSB_Bv4v5--P12_4,FALSE,v4v5,Bacteria,FALSE,"marine biome",borehole,sediment,high,27.52,-111.41,null,8
DCO_GMSB,DCO_GMSB_Bv4v5--P13_4,FALSE,v4v5,Bacteria,FALSE,"marine biome",borehole,sediment,high,27.12,-111.13,null,3
DCO_GMSB,DCO_GMSB_Bv4v5--P3_4,FALSE,v4v5,Bacteria,FALSE,"marine biome",borehole,sediment,high,27.37,-111.52,null,3
DCO_GMSB,DCO_GMSB_Bv4v5--P6_3,FALSE,v4v5,Bacteria,FALSE,"marine biome",borehole,sediment,high,27.38,-111.36,null,3
DCO_GMSB,DCO_GMSB_Bv4v5--P6_4,FALSE,v4v5,Bacteria,FALSE,"marine biome",borehole,sediment,high,27.38,-111.36,null,3
DCO_GRA,DCO_GRA_Bv6v4--920W2,FALSE,v6v4,Bacteria,FALSE,"terrestrial biome",mine,water,low,47.825,-92.252,6.09,11.7
DCO_GRA,DCO_GRA_Bv6v4--932W2,FALSE,v6v4,Bacteria,FALSE,"terrestrial biome",mine,water,low,47.825,-92.252,6.11,11.6
DCO_GRA,DCO_GRA_Bv6v4--942W14,FALSE,v6v4,Bacteria,FALSE,"terrestrial biome",mine,water,low,47.825,-92.252,6.35,11.5
DCO_GRA,DCO_GRA_Bv6v4--944W11,FALSE,v6v4,Bacteria,FALSE,"terrestrial biome",mine,water,low,47.825,-92.252,5.47,11.1
DCO_GRA,DCO_GRA_Bv6v4--951W11,FALSE,v6v4,Bacteria,FALSE,"terrestrial biome",mine,water,low,47.825,-92.252,6.29,11.7
DCO_GRA,DCO_GRA_Bv6v4--964W1,FALSE,v6v4,Bacteria,FALSE,"terrestrial biome",mine,water,low,47.825,-92.252,5.23,11.3
DCO_HIN,DCO_HIN_Av6v4--BS_15105_2_147_167,FALSE,v6v4,Archaea,FALSE,"marine biome",borehole,sediment,high,41.526,32.63,7.4,null
DCO_HIN,DCO_HIN_Av6v4--BS_15105_2_390_405,FALSE,v6v4,Archaea,FALSE,"marine biome",borehole,sediment,high,41.526,32.63,7.3,null
DCO_HIN,DCO_HIN_Av6v4--BS_15105_2_420_435,FALSE,v6v4,Archaea,FALSE,"marine biome",borehole,sediment,high,41.526,32.63,7.3,null
DCO_HIN,DCO_HIN_Av6v4--DB_15102_1_23_43,FALSE,v6v4,Archaea,FALSE,"marine biome",borehole,sediment,high,35.274,21.692,4.5,null
DCO_HIN,DCO_HIN_Av6v4--EM_15103_2_21_34,FALSE,v6v4,Archaea,FALSE,"marine biome",borehole,sediment,high,33.028,32.63,7.7,null
DCO_HIN,DCO_HIN_Av6v4--EM_15103_2_220_240,FALSE,v6v4,Archaea,FALSE,"marine biome",borehole,sediment,high,33.028,32.63,7.7,null
DCO_HIN,DCO_HIN_Av6v4--EM_15103_2_435_455,FALSE,v6v4,Archaea,FALSE,"marine biome",borehole,sediment,high,33.028,32.63,7.6,null
DCO_HIN,DCO_HIN_Bv6v4--BS_15105_2_147_167,FALSE,v6v4,Bacteria,FALSE,"marine biome",borehole,sediment,high,41.526,32.63,7.4,null
DCO_HIN,DCO_HIN_Bv6v4--BS_15105_2_390_405,FALSE,v6v4,Bacteria,FALSE,"marine biome",borehole,sediment,high,41.526,32.63,7.3,null
DCO_HIN,DCO_HIN_Bv6v4--BS_15105_2_420_435,FALSE,v6v4,Bacteria,FALSE,"marine biome",borehole,sediment,high,41.526,32.63,7.3,null
DCO_HIN,DCO_HIN_Bv6v4--DB_15102_1_23_43,FALSE,v6v4,Bacteria,FALSE,"marine biome",borehole,sediment,high,35.274,21.692,4.5,null
DCO_HIN,DCO_HIN_Bv6v4--EM_15103_2_21_34,FALSE,v6v4,Bacteria,FALSE,"marine biome",borehole,sediment,high,33.028,32.63,7.7,null
DCO_HIN,DCO_HIN_Bv6v4--EM_15103_2_220_240,FALSE,v6v4,Bacteria,FALSE,"marine biome",borehole,sediment,high,33.028,32.63,7.7,null
DCO_HIN,DCO_HIN_Bv6v4--EM_15103_2_435_455,FALSE,v6v4,Bacteria,FALSE,"marine biome",borehole,sediment,high,33.028,32.63,7.6,null
DCO_KLA,DCO_KLA_Av4v5--Cetus_summit_220,FALSE,v4v5,Archaea,FALSE,"marine biome",seep,sediment,high,37.88012,17.46227,null,14.6
DCO_KLA,DCO_KLA_Av4v5--Cetus_summit_40,FALSE,v4v5,Archaea,FALSE,"marine biome",seep,sediment,high,37.88012,17.46227,null,13.9
DCO_KLA,DCO_KLA_Av4v5--Venere_flow_150_m_from_summit_5,FALSE,v4v5,Archaea,FALSE,"marine biome",seep,sediment,high,38.60658,17.18934,null,14
DCO_KLA,DCO_KLA_Av4v5--Venere_flow_150_m_from_summit_60,FALSE,v4v5,Archaea,FALSE,"marine biome",seep,sediment,high,38.60655,17.18913,null,16.8
DCO_KLA,DCO_KLA_Av4v5--Venere_flow_80_m_from_summit_2,FALSE,v4v5,Archaea,FALSE,"marine biome",seep,sediment,high,38.6075,17.18804,null,13.9
DCO_KLA,DCO_KLA_Av4v5--Venere_flow_80_m_from_summit_267,FALSE,v4v5,Archaea,FALSE,"marine biome",seep,sediment,high,38.60747,17.18803,null,17
DCO_KLA,DCO_KLA_Av4v5--Venere_flow_80_m_from_summit_48,FALSE,v4v5,Archaea,FALSE,"marine biome",seep,sediment,high,38.60747,17.18803,null,16.2
DCO_KLA,DCO_KLA_Av4v5--Venere_summit_2,FALSE,v4v5,Archaea,FALSE,"marine biome",seep,sediment,high,38.60757,17.18708,null,14.1
DCO_KLA,DCO_KLA_Av4v5--Venere_summit_470,FALSE,v4v5,Archaea,FALSE,"marine biome",seep,sediment,high,38.60758,17.18705,null,22
DCO_KLA,DCO_KLA_Av4v5--Venere_summit_88,FALSE,v4v5,Archaea,FALSE,"marine biome",seep,sediment,high,38.60758,17.18705,null,22
DCO_KLA,DCO_KLA_Bv4v5--Venere_flow_150_m_from_summit_5,FALSE,v4v5,Bacteria,FALSE,"marine biome",seep,sediment,high,38.60658,17.18934,null,16.8
DCO_KLA,DCO_KLA_Bv4v5--Venere_flow_80_m_from_summit_2,FALSE,v4v5,Bacteria,FALSE,"marine biome",seep,sediment,high,38.6075,17.18804,null,13.9
DCO_KLA,DCO_KLA_Bv4v5--Venere_flow_80_m_from_summit_48,FALSE,v4v5,Bacteria,FALSE,"marine biome",seep,sediment,high,38.60747,17.18803,null,16.2
DCO_KLA,DCO_KLA_Bv4v5--Venere_summit_2,FALSE,v4v5,Bacteria,FALSE,"marine biome",seep,sediment,high,38.60757,17.18708,null,14.1
DCO_KLA,DCO_KLA_Bv4v5--Venere_summit_470,FALSE,v4v5,Bacteria,FALSE,"marine biome",seep,sediment,high,38.60758,17.18705,null,22
DCO_KLA,DCO_KLA_Bv4v5--Venere_summit_88,FALSE,v4v5,Bacteria,FALSE,"marine biome",seep,sediment,high,38.60758,17.18705,null,22
DCO_LAV,DCO_LAV_Av6v4--Wallulua_2009_213,FALSE,v6v4,Archaea,FALSE,"terrestrial biome",borehole,water,high,46.105324,-118.916359,9.1,21.4
DCO_LAV,DCO_LAV_Av6v4--Wallulua_2009_220,FALSE,v6v4,Archaea,FALSE,"terrestrial biome",borehole,water,high,46.105324,-118.916359,8.99,25.2
DCO_LAV,DCO_LAV_Av6v4--Wallulua_2009_31,FALSE,v6v4,Archaea,FALSE,"terrestrial biome",borehole,water,high,46.105324,-118.916359,8.95,28.15
DCO_LAV,DCO_LAV_Av6v4--Wallulua_2009_39,FALSE,v6v4,Archaea,FALSE,"terrestrial biome",borehole,water,high,46.105324,-118.916359,9.51,34.7
DCO_LAV,DCO_LAV_Av6v4--Wallulua_2009_413,FALSE,v6v4,Archaea,FALSE,"terrestrial biome",borehole,water,high,46.105324,-118.916359,9.22,41.25
DCO_LAV,DCO_LAV_Av6v4--Wallulua_2011_34,FALSE,v6v4,Archaea,FALSE,"terrestrial biome",borehole,water,high,46.105324,-118.916359,10.1,34.7
DCO_LAV,DCO_LAV_Bv6v4--Wallulua_2009_213,FALSE,v6v4,Bacteria,FALSE,"terrestrial biome",borehole,water,high,46.105324,-118.916359,9.1,21.4
DCO_LAV,DCO_LAV_Bv6v4--Wallulua_2009_220,FALSE,v6v4,Bacteria,FALSE,"terrestrial biome",borehole,water,high,46.105324,-118.916359,8.99,25.2
DCO_LAV,DCO_LAV_Bv6v4--Wallulua_2009_31,FALSE,v6v4,Bacteria,FALSE,"terrestrial biome",borehole,water,high,46.105324,-118.916359,8.95,28.15
DCO_LAV,DCO_LAV_Bv6v4--Wallulua_2009_39,FALSE,v6v4,Bacteria,FALSE,"terrestrial biome",borehole,water,high,46.105324,-118.916359,9.51,34.7
DCO_LAV,DCO_LAV_Bv6v4--Wallulua_2009_413,FALSE,v6v4,Bacteria,FALSE,"terrestrial biome",borehole,water,high,46.105324,-118.916359,9.22,41.25
DCO_LAV,DCO_LAV_Bv6v4--Wallulua_2011_34,FALSE,v6v4,Bacteria,FALSE,"terrestrial biome",borehole,water,high,46.1,-118.916359,10.1,34.7
DCO_LAZ,DCO_LAZ_Av4v5--PC1A,FALSE,v4v5,Archaea,FALSE,"marine biome","hydrothermal vent",sediment,high,9.078,87.096,7.7,2.0
DCO_LAZ,DCO_LAZ_Av4v5--PC1A_2,FALSE,v4v5,Archaea,FALSE,"marine biome","hydrothermal vent",sediment,high,9.078,87.096,7.7,2.0
DCO_LAZ,DCO_LAZ_Av4v5--PC2A,FALSE,v4v5,Archaea,FALSE,"marine biome","hydrothermal vent",sediment,high,9.081,87.094,7.7,2.0
DCO_LAZ,DCO_LAZ_Av4v5--PC2B,FALSE,v4v5,Archaea,FALSE,"marine biome","hydrothermal vent",sediment,high,9.081,87.093,7.6,10
DCO_LAZ,DCO_LAZ_Av4v5--PC2C,FALSE,v4v5,Archaea,FALSE,"marine biome","hydrothermal vent",sediment,high,9.081,87.093,7.6,10
DCO_LAZ,DCO_LAZ_Av4v5--PC2D,FALSE,v4v5,Archaea,FALSE,"marine biome","hydrothermal vent",sediment,high,9.077,87.091,7.7,2
DCO_LAZ,DCO_LAZ_Av4v5--PC3A,FALSE,v4v5,Archaea,FALSE,"marine biome","hydrothermal vent",sediment,high,9.089,87.1,7.6,10
DCO_LAZ,DCO_LAZ_Av4v5--PC3A_2,FALSE,v4v5,Archaea,FALSE,"marine biome","hydrothermal vent",sediment,high,9.089,87.1,7.6,10
DCO_LAZ,DCO_LAZ_Av4v5--PC3B,FALSE,v4v5,Archaea,FALSE,"marine biome","hydrothermal vent",sediment,high,9.089,87.1,7.6,10
DCO_LAZ,DCO_LAZ_Av4v5--PC3B_2,FALSE,v4v5,Archaea,FALSE,"marine biome","hydrothermal vent",sediment,high,9.089,87.1,7.6,10
DCO_LAZ,DCO_LAZ_Av4v5--PC3C,FALSE,v4v5,Archaea,FALSE,"marine biome","hydrothermal vent",sediment,high,9.089,87.1,7.6,10
DCO_LAZ,DCO_LAZ_Av4v5--PC3C_2,FALSE,v4v5,Archaea,FALSE,"marine biome","hydrothermal vent",sediment,high,9.089,87.1,7.6,10
DCO_LAZ,DCO_LAZ_Av4v5--PC4A,FALSE,v4v5,Archaea,FALSE,"marine biome","hydrothermal vent",sediment,high,9.086,87.1,7.6,10
DCO_LAZ,DCO_LAZ_Av4v5--PC4B,FALSE,v4v5,Archaea,FALSE,"marine biome","hydrothermal vent",sediment,high,9.086,87.1,7.6,10
DCO_LAZ,DCO_LAZ_Bv4v5--PC1A,FALSE,v4v5,Bacteria,FALSE,"marine biome","hydrothermal vent",sediment,high,9.078,87.096,7.7,2.0
DCO_LAZ,DCO_LAZ_Bv4v5--PC1A_2,FALSE,v4v5,Bacteria,FALSE,"marine biome","hydrothermal vent",sediment,high,9.078,87.096,7.7,2.0
DCO_LAZ,DCO_LAZ_Bv4v5--PC2A,FALSE,v4v5,Bacteria,FALSE,"marine biome","hydrothermal vent",sediment,high,9.081,87.094,7.7,2.0
DCO_LAZ,DCO_LAZ_Bv4v5--PC2B,FALSE,v4v5,Bacteria,FALSE,"marine biome","hydrothermal vent",sediment,high,9.081,87.093,7.6,10
DCO_LAZ,DCO_LAZ_Bv4v5--PC2C,FALSE,v4v5,Bacteria,FALSE,"marine biome","hydrothermal vent",sediment,high,9.081,87.093,7.6,10
DCO_LAZ,DCO_LAZ_Bv4v5--PC2D,FALSE,v4v5,Bacteria,FALSE,"marine biome","hydrothermal vent",sediment,high,9.077,87.091,7.7,2
DCO_LAZ,DCO_LAZ_Bv4v5--PC3A,FALSE,v4v5,Bacteria,FALSE,"marine biome","hydrothermal vent",sediment,high,9.089,87.1,7.6,10
DCO_LAZ,DCO_LAZ_Bv4v5--PC3A_2,FALSE,v4v5,Bacteria,FALSE,"marine biome","hydrothermal vent",sediment,high,9.089,87.1,7.6,10
DCO_LAZ,DCO_LAZ_Bv4v5--PC3B,FALSE,v4v5,Bacteria,FALSE,"marine biome","hydrothermal vent",sediment,high,9.089,87.1,7.6,10
DCO_LAZ,DCO_LAZ_Bv4v5--PC3B_2,FALSE,v4v5,Bacteria,FALSE,"marine biome","hydrothermal vent",sediment,high,9.089,87.1,7.6,10
DCO_LAZ,DCO_LAZ_Bv4v5--PC3C,FALSE,v4v5,Bacteria,FALSE,"marine biome","hydrothermal vent",sediment,high,9.089,87.1,7.6,10
DCO_LAZ,DCO_LAZ_Bv4v5--PC3C_2,FALSE,v4v5,Bacteria,FALSE,"marine biome","hydrothermal vent",sediment,high,9.089,87.1,7.6,10
DCO_LAZ,DCO_LAZ_Bv4v5--PC4A,FALSE,v4v5,Bacteria,FALSE,"marine biome","hydrothermal vent",sediment,high,9.086,87.1,7.6,10
DCO_LAZ,DCO_LAZ_Bv4v5--PC4B,FALSE,v4v5,Bacteria,FALSE,"marine biome","hydrothermal vent",sediment,high,9.086,87.1,7.6,10
DCO_LIN,DCO_LIN_Bv6--TWNCO2_1518m,FALSE,v6,Bacteria,FALSE,"terrestrial biome",borehole,rock,low,24.093,120.389,null,58
DCO_LIN,DCO_LIN_Bv6--TWNCO2_1520m,FALSE,v6,Bacteria,FALSE,"terrestrial biome",borehole,rock,low,24.093,120.389,null,58
DCO_LIN,DCO_LIN_Bv6--TWNCO2_1564m,FALSE,v6,Bacteria,FALSE,"terrestrial biome",borehole,rock,low,24.093,120.389,null,59
DCO_LIN,DCO_LIN_Bv6--TWNCO2_1614m,FALSE,v6,Bacteria,FALSE,"terrestrial biome",borehole,rock,low,24.093,120.389,null,60
DCO_LIN,DCO_LIN_Bv6--TWNCO2_1675m,FALSE,v6,Bacteria,FALSE,"terrestrial biome",borehole,rock,low,24.093,120.389,null,61
DCO_LIN,DCO_LIN_Bv6--TWNCO2_1733m,FALSE,v6,Bacteria,FALSE,"terrestrial biome",borehole,rock,low,24.093,120.389,null,63
DCO_LIN,DCO_LIN_Bv6--TWNCO2_1788m,FALSE,v6,Bacteria,FALSE,"terrestrial biome",borehole,rock,low,24.093,120.389,null,64
DCO_LIN,DCO_LIN_Bv6--TWNCO2_1814m,FALSE,v6,Bacteria,FALSE,"terrestrial biome",borehole,rock,low,24.093,120.389,null,65
DCO_LIN,DCO_LIN_Bv6--TWNCO2_1909m,FALSE,v6,Bacteria,FALSE,"terrestrial biome",borehole,rock,low,24.093,120.389,null,67
DCO_LIN,DCO_LIN_Bv6--TWNCO2_1956m,FALSE,v6,Bacteria,FALSE,"terrestrial biome",borehole,rock,low,24.093,120.389,null,68
DCO_LIN,DCO_LIN_Bv6--TWNCO2_2003m,FALSE,v6,Bacteria,FALSE,"terrestrial biome",borehole,rock,low,24.093,120.389,null,69
DCO_LIN,DCO_LIN_Bv6--TWNCO2_2056m,FALSE,v6,Bacteria,FALSE,"terrestrial biome",borehole,rock,low,24.093,120.389,null,70
DCO_LIN,DCO_LIN_Bv6--TWNCO2_2108m,FALSE,v6,Bacteria,FALSE,"terrestrial biome",borehole,rock,low,24.093,120.389,null,71
DCO_LIN,DCO_LIN_Bv6--TWNCO2_2172m,FALSE,v6,Bacteria,FALSE,"terrestrial biome",borehole,rock,low,24.093,120.389,null,73
DCO_LIN,DCO_LIN_Bv6--TWNCO2_2224m,FALSE,v6,Bacteria,FALSE,"terrestrial biome",borehole,rock,low,24.093,120.389,null,74
DCO_LIN,DCO_LIN_Bv6--TWNCO2_2273m,FALSE,v6,Bacteria,FALSE,"terrestrial biome",borehole,rock,low,24.093,120.389,null,75
DCO_LIN,DCO_LIN_Bv6--TWNCO2_2325m,FALSE,v6,Bacteria,FALSE,"terrestrial biome",borehole,rock,low,24.093,120.389,null,76
DCO_LIN,DCO_LIN_Bv6--TWNCO2_2397m,FALSE,v6,Bacteria,FALSE,"terrestrial biome",borehole,rock,low,24.093,120.389,null,78
DCO_LIN,DCO_LIN_Bv6--TWNCO2_2419m,FALSE,v6,Bacteria,FALSE,"terrestrial biome",borehole,rock,low,24.093,120.389,null,79
DCO_LIN,DCO_LIN_Bv6--TWNCO2_2465m,FALSE,v6,Bacteria,FALSE,"terrestrial biome",borehole,rock,low,24.093,120.389,null,80
DCO_LIN,DCO_LIN_Bv6--TWNCO2_2496m,FALSE,v6,Bacteria,FALSE,"terrestrial biome",borehole,rock,low,24.093,120.389,null,80
DCO_LIN,DCO_LIN_Bv6--TWNCO2_2547m,FALSE,v6,Bacteria,FALSE,"terrestrial biome",borehole,rock,low,24.093,120.389,null,82
DCO_LIN,DCO_LIN_Bv6--TWNCO2_2616m,FALSE,v6,Bacteria,FALSE,"terrestrial biome",borehole,rock,low,24.093,120.389,null,83
DCO_LIN,DCO_LIN_Bv6--TWNCO2_2659m,FALSE,v6,Bacteria,FALSE,"terrestrial biome",borehole,rock,low,24.093,120.389,null,84
DCO_LOIH,DCO_LOIH_Av4v5--J2_672_BM1_B12345,FALSE,v4v5,Archaea,FALSE,"marine biome","hydrothermal vent","microbial mat material",high,18.906,-155.257,null,null
DCO_LOIH,DCO_LOIH_Av4v5--J2_674_Scoop_2,FALSE,v4v5,Archaea,FALSE,"marine biome","hydrothermal vent","microbial mat material",high,18.906,-155.257,null,null
DCO_LOIH,DCO_LOIH_Av4v5--J672black_Av4v5,FALSE,v4v5,Archaea,FALSE,"marine biome","hydrothermal vent",fluid,high,18.906,-155.257,null,47.1
DCO_LOIH,DCO_LOIH_Av4v5--J672yellow_Av4v5,FALSE,v4v5,Archaea,FALSE,"marine biome","hydrothermal vent",fluid,high,18.906,-155.257,null,40.7
DCO_LOIH,DCO_LOIH_Av4v5--J675yellow_Av4v5,FALSE,v4v5,Archaea,FALSE,"marine biome","hydrothermal vent",fluid,high,18.906,-155.257,null,42.4
DCO_LOIH,DCO_LOIH_Av4v5--J676black_Av4v5,FALSE,v4v5,Archaea,FALSE,"marine biome","hydrothermal vent",fluid,high,18.906,-155.257,null,30.8
DCO_LOIH,DCO_LOIH_Av4v5--J676red_Av4v5,FALSE,v4v5,Archaea,FALSE,"marine biome","hydrothermal vent",fluid,high,18.906,-155.257,null,4
DCO_LOIH,DCO_LOIH_Bv4v5--J674black_Bv4v5,FALSE,v4v5,Bacteria,FALSE,"marine biome","hydrothermal vent",water,high,18.906,-155.257,null,25.7
DCO_LOIH,DCO_LOIH_Bv4v5--J675yellow_Bv4v5,FALSE,v4v5,Bacteria,FALSE,"marine biome","hydrothermal vent",water,high,18.906,-155.257,null,42.4
DCO_LOIH,DCO_LOIH_Bv4v5--J676black_Bv4v5,FALSE,v4v5,Bacteria,FALSE,"marine biome","hydrothermal vent",water,high,18.906,-155.257,null,30.8
DCO_MAC,DCO_MAC_Av6--LD09_2_3,FALSE,v6,Archaea,FALSE,"terrestrial biome",aquifer,biofilm,high,43.403,12.976,7.1,14
DCO_MAC,DCO_MAC_Av6--LI09_3,FALSE,v6,Archaea,FALSE,"terrestrial biome",aquifer,biofilm,high,43.403,12.976,7.5,13
DCO_MAC,DCO_MAC_Av6--LI09_4,FALSE,v6,Archaea,FALSE,"terrestrial biome",aquifer,biofilm,high,43.403,12.976,7.5,13
DCO_MAC,DCO_MAC_Av6--LI09_5,FALSE,v6,Archaea,FALSE,"terrestrial biome",aquifer,biofilm,high,43.403,12.976,7.5,13
DCO_MAC,DCO_MAC_Av6--LI13_2,FALSE,v6,Archaea,FALSE,"terrestrial biome",aquifer,biofilm,high,43.403,12.976,7.5,13
DCO_MAC,DCO_MAC_Av6--LO13_2,FALSE,v6,Archaea,FALSE,"terrestrial biome",aquifer,biofilm,high,43.403,12.976,7,14.5
DCO_MAC,DCO_MAC_Av6--LO13_8,FALSE,v6,Archaea,FALSE,"terrestrial biome",aquifer,biofilm,high,43.403,12.976,7,14.5
DCO_MAC,DCO_MAC_Av6--LV13_5,FALSE,v6,Archaea,FALSE,"terrestrial biome",aquifer,biofilm,high,43.403,12.976,7.1,13.9
DCO_MAC,DCO_MAC_Bv6--LD09_2_3,FALSE,v6,Bacteria,FALSE,"terrestrial biome",aquifer,biofilm,high,43.403,12.976,7.1,14
DCO_MAC,DCO_MAC_Bv6--LI09_3,FALSE,v6,Bacteria,FALSE,"terrestrial biome",aquifer,biofilm,high,43.403,12.976,7.5,13
DCO_MAC,DCO_MAC_Bv6--LI09_4,FALSE,v6,Bacteria,FALSE,"terrestrial biome",aquifer,biofilm,high,43.403,12.976,7.5,13
DCO_MAC,DCO_MAC_Bv6--LI09_5,FALSE,v6,Bacteria,FALSE,"terrestrial biome",aquifer,biofilm,high,43.403,12.976,7.5,13
DCO_MAC,DCO_MAC_Bv6--LI13_2,FALSE,v6,Bacteria,FALSE,"terrestrial biome",aquifer,biofilm,high,43.403,12.976,7.5,13
DCO_MAC,DCO_MAC_Bv6--LO13_2,FALSE,v6,Bacteria,FALSE,"terrestrial biome",aquifer,biofilm,high,43.403,12.976,7,14.5
DCO_MAC,DCO_MAC_Bv6--LO13_8,FALSE,v6,Bacteria,FALSE,"terrestrial biome",aquifer,biofilm,high,43.403,12.976,7,14.5
DCO_MAC,DCO_MAC_Bv6--LV13_5,FALSE,v6,Bacteria,FALSE,"terrestrial biome",aquifer,biofilm,high,43.403,12.976,7.1,13.9
DCO_MAR,DCO_MAR_Av4v5--10A,FALSE,v4v5,Archaea,FALSE,"terrestrial biome",volcano,rock,high,-16.24930278,168.13694444,null,46
DCO_MAR,DCO_MAR_Av4v5--7A_,FALSE,v4v5,Archaea,FALSE,"terrestrial biome",volcano,rock,high,-16.27222222,168.15361111,null,32
DCO_MAR,DCO_MAR_Av4v5--8A_,FALSE,v4v5,Archaea,FALSE,"terrestrial biome",volcano,rock,high,-16.27222222,168.15361111,null,32
DCO_MAR,DCO_MAR_Av4v5--9A_,FALSE,v4v5,Archaea,FALSE,"terrestrial biome",volcano,rock,high,-16.24930278,168.13694444,null,42
DCO_MAR,DCO_MAR_Bv4v5--7B_,FALSE,v4v5,Bacteria,FALSE,"terrestrial biome",volcano,rock,high,-16.27222222,168.1536111,null,32
DCO_MAR,DCO_MAR_Bv4v5--8B_,FALSE,v4v5,Bacteria,FALSE,"terrestrial biome",volcano,rock,high,-16.27222222,168.1536111,null,32
DCO_MOS,DCO_MOS_Av6v4--BLM_1A,FALSE,v6v4,Archaea,FALSE,"terrestrial biome",well,water,low,36.40116667,-116.468,6.92,57.2
DCO_MOS,DCO_MOS_Av6v4--Bilby_DNA2_280312_Av6v4,FALSE,v6v4,Archaea,FALSE,"terrestrial biome",well,water,low,37.06,-116.02,7.92,44.7
DCO_MOS,DCO_MOS_Av6v4--KC_1_12_10_SW2_Av6v4,FALSE,v6v4,Archaea,FALSE,"terrestrial biome",mine,water,low,48.2748,-81.1438,7.5,25
DCO_MOS,DCO_MOS_Av6v4--KC_7850_SWA_Av6v4,FALSE,v6v4,Archaea,FALSE,"terrestrial biome",mine,water,low,48.2748,-81.1438,7.5,25
DCO_MOS,DCO_MOS_Bv6v4--BLM_1B,FALSE,v6v4,Bacteria,FALSE,"terrestrial biome",well,water,low,36.40116667,-116.468,6.92,57.2
DCO_MOS,DCO_MOS_Bv6v4--Bilby_DNA2_280312_Bv6v4,FALSE,v6v4,Bacteria,FALSE,"terrestrial biome",well,water,low,37.06,-116.02,7.92,44.7
DCO_MOS,DCO_MOS_Bv6v4--ER_EC_11,FALSE,v6v4,Bacteria,FALSE,"terrestrial biome",well,water,low,37.2,-116.48,8.2,44
DCO_MOS,DCO_MOS_Bv6v4--KC_1_12_10_SW2_Bv6v4,FALSE,v6v4,Bacteria,FALSE,"terrestrial biome",mine,water,low,48.2748,-81.1438,7.5,25
DCO_MOS,DCO_MOS_Bv6v4--KC_7850_SWA_Bv6v4,FALSE,v6v4,Bacteria,FALSE,"terrestrial biome",mine,water,low,48.2748,-81.1438,7.5,25
DCO_MOS,DCO_MOS_Bv6v4--KC_L7850_B_MF_Bv6v4,FALSE,v6v4,Bacteria,FALSE,"terrestrial biome",mine,water,low,48.2748,-81.1438,6.34,25.2
DCO_MOS,DCO_MOS_Bv6v4--Nevares_DW2B,FALSE,v6v4,Bacteria,FALSE,"terrestrial biome",well,water,low,36.5073,-116.81967,7.4,43.3
DCO_MOS,DCO_MOS_Bv6v4--U12N_10_tunnel,FALSE,v6v4,Bacteria,FALSE,"terrestrial biome",mine,water,low,37.21,-116.21,9.4,23
DCO_ONS,DCO_ONS_Av4v5--A_BE326FW010813_cap,FALSE,v4v5,Archaea,FALSE,"terrestrial biome","geological fracture",water,low,-28.24,26.796,8.2,34.2
DCO_ONS,DCO_ONS_Av4v5--A_BE326FW080813_cap,FALSE,v4v5,Archaea,FALSE,"terrestrial biome","geological fracture",water,low,-28.24,26.796,8.21,35.8
DCO_ONS,DCO_ONS_Av4v5--A_BE326FW150813MF,FALSE,v4v5,Archaea,FALSE,"terrestrial biome","geological fracture",water,low,-28.24,26.796,8.1,35.3
DCO_ONS,DCO_ONS_Av4v5--A_BE326FW150813_cap,FALSE,v4v5,Archaea,FALSE,"terrestrial biome","geological fracture",water,low,-28.24,26.796,8.1,35.3
DCO_ONS,DCO_ONS_Av4v5--A_BE326FW250111,FALSE,v4v5,Archaea,FALSE,"terrestrial biome","geological fracture",water,low,-28.24,26.796,8.83,36.9
DCO_ONS,DCO_ONS_Av4v5--A_BE326FW270712,FALSE,v4v5,Archaea,FALSE,"terrestrial biome","geological fracture",water,low,-28.24,26.796,8.23,29.3
DCO_ONS,DCO_ONS_Av4v5--A_DR5IPC280513,FALSE,v4v5,Archaea,FALSE,"terrestrial biome","geological fracture",water,low,-26.42,27.504,8.08,26.6
DCO_ONS,DCO_ONS_Av4v5--A_DR5IPC280711,FALSE,v4v5,Archaea,FALSE,"terrestrial biome","geological fracture",water,low,-26.42,27.504,7.4,26.8
DCO_ONS,DCO_ONS_Bv4v5--B_BE326FW010813_cap,FALSE,v4v5,Bacteria,FALSE,"terrestrial biome","geological fracture",water,low,-28.24,26.796,8.2,34.2
DCO_ONS,DCO_ONS_Bv4v5--B_BE326FW010813_cap_2,FALSE,v4v5,Bacteria,FALSE,"terrestrial biome","geological fracture",water,low,-28.24,26.796,8.2,34.2
DCO_ONS,DCO_ONS_Bv4v5--B_BE326FW080813_cap,FALSE,v4v5,Bacteria,FALSE,"terrestrial biome","geological fracture",water,low,-28.24,26.796,8.21,35.8
DCO_ONS,DCO_ONS_Bv4v5--B_BE326FW080813_cap_2,FALSE,v4v5,Bacteria,FALSE,"terrestrial biome","geological fracture",water,low,-28.24,26.796,8.21,35.8
DCO_ONS,DCO_ONS_Bv4v5--B_BE326FW150813_MF,FALSE,v4v5,Bacteria,FALSE,"terrestrial biome","geological fracture",water,low,-28.24,26.796,8.1,35.3
DCO_ONS,DCO_ONS_Bv4v5--B_BE326FW150813_MF_2,FALSE,v4v5,Bacteria,FALSE,"terrestrial biome","geological fracture",water,low,-28.24,26.796,8.1,35.3
DCO_ONS,DCO_ONS_Bv4v5--B_BE326FW150813_cap,FALSE,v4v5,Bacteria,FALSE,"terrestrial biome","geological fracture",water,low,-28.24,26.796,8.1,35.3
DCO_ONS,DCO_ONS_Bv4v5--B_BE326FW150813_cap_2,FALSE,v4v5,Bacteria,FALSE,"terrestrial biome","geological fracture",water,low,-28.24,26.796,8.1,35.3
DCO_ONS,DCO_ONS_Bv4v5--B_BE326FW250111,FALSE,v4v5,Bacteria,FALSE,"terrestrial biome","geological fracture",water,low,-28.24,26.796,8.83,36.9
DCO_ONS,DCO_ONS_Bv4v5--B_BE326FW270712,FALSE,v4v5,Bacteria,FALSE,"terrestrial biome","geological fracture",water,low,-28.24,26.796,8.23,29.3
DCO_ONS,DCO_ONS_Bv4v5--B_DR5IPC280513,FALSE,v4v5,Bacteria,FALSE,"terrestrial biome","geological fracture",water,low,-26.42,27.504,8.08,26.6
DCO_ONS,DCO_ONS_Bv4v5--B_DR5IPC280711,FALSE,v4v5,Bacteria,FALSE,"terrestrial biome","geological fracture",water,low,-26.42,27.504,7.4,26.8
DCO_ORC,DCO_ORC_Av6--IODP_X327_U1362A_21R1A,FALSE,v6,Archaea,FALSE,"marine biome",borehole,rock,high,47.76105,-127.7612,7.4,64
DCO_ORC,DCO_ORC_Av6--IODP_X327_U1363D_6XCC,FALSE,v6,Archaea,FALSE,"marine biome",borehole,rock,high,47.29287,-128.02933,7.1,33
DCO_ORC,DCO_ORC_Av6--IODP_X336_U1382B_10H4,FALSE,v6,Archaea,FALSE,"marine biome",borehole,sediment,low,22.75547,-46.08125,7.6,4
DCO_ORC,DCO_ORC_Av6--IODP_X336_U1382B_1H3,FALSE,v6,Archaea,FALSE,"marine biome",borehole,sediment,low,22.75547,-46.08125,7.8,4
DCO_ORC,DCO_ORC_Av6--IODP_X336_U1382B_2H2,FALSE,v6,Archaea,FALSE,"marine biome",borehole,sediment,low,22.75547,-46.08125,7.5,4
DCO_ORC,DCO_ORC_Av6--IODP_X336_U1382B_2H4,FALSE,v6,Archaea,FALSE,"marine biome",borehole,sediment,low,22.75547,-46.08125,7.7,4
DCO_ORC,DCO_ORC_Av6--IODP_X336_U1382B_4H4,FALSE,v6,Archaea,FALSE,"marine biome",borehole,sediment,low,22.75547,-46.08125,7.6,4
DCO_ORC,DCO_ORC_Av6--IODP_X336_U1382B_7H6,FALSE,v6,Archaea,FALSE,"marine biome",borehole,sediment,low,22.75547,-46.08125,7.7,4
DCO_ORC,DCO_ORC_Av6--IODP_X336_U1382B_8H6,FALSE,v6,Archaea,FALSE,"marine biome",borehole,sediment,low,22.75547,-46.08125,7.7,4
DCO_ORC,DCO_ORC_Av6--IODP_X336_U1383C_11R,FALSE,v6,Archaea,FALSE,"marine biome",borehole,rock,high,22.80221,-46.05259,7.6,4
DCO_ORC,DCO_ORC_Av6--IODP_X336_U1383C_24R,FALSE,v6,Archaea,FALSE,"marine biome",borehole,rock,high,22.80221,-46.05259,7.6,4
DCO_ORC,DCO_ORC_Av6--IODP_X336_U1383C_30R,FALSE,v6,Archaea,FALSE,"marine biome",borehole,rock,high,22.80221,-46.05259,7.6,4
DCO_ORC,DCO_ORC_Av6v4--Orc4H1,FALSE,v6v4,Archaea,FALSE,"marine biome",borehole,sediment,low,47.28877,-128.03562,7.4,6
DCO_ORC,DCO_ORC_Bv6--IODP_X336_U1383C_11R,FALSE,v6,Bacteria,FALSE,"marine biome",borehole,rock,high,22.80221,-46.05259,7.6,4
DCO_ORC,DCO_ORC_Bv6--IODP_X336_U1383C_24R,FALSE,v6,Bacteria,FALSE,"marine biome",borehole,rock,high,22.80221,-46.05259,7.6,4
DCO_ORC,DCO_ORC_Bv6--IODP_X336_U1383C_30R,FALSE,v6,Bacteria,FALSE,"marine biome",borehole,rock,high,22.80221,-46.05259,7.6,4
DCO_ORC,DCO_ORC_Bv6v4--JdF16R2,FALSE,v6v4,Bacteria,FALSE,"marine biome",borehole,rock,high,47.76103,-127.7612,7.4,64
DCO_ORC,DCO_ORC_Bv6v4--JdF21R1A,FALSE,v6v4,Bacteria,FALSE,"marine biome",borehole,rock,high,47.76103,-127.7612,7.4,64
DCO_ORC,DCO_ORC_Bv6v4--JdF21R1B,FALSE,v6v4,Bacteria,FALSE,"marine biome",borehole,rock,high,47.76103,-127.7612,7.4,64
DCO_ORC,DCO_ORC_Bv6v4--JdF4H2,FALSE,v6v4,Bacteria,FALSE,"marine biome",borehole,sediment,low,47.28877,-128.03562,7.3,7
DCO_ORC,DCO_ORC_Bv6v4--JdF4HCC,FALSE,v6v4,Bacteria,FALSE,"marine biome",borehole,sediment,low,47.28877,-128.03562,7.3,7
DCO_ORC,DCO_ORC_Bv6v4--JdF5X1,FALSE,v6v4,Bacteria,FALSE,"marine biome",borehole,sediment,low,47.289197,-128.0351,7.5,32
DCO_ORC,DCO_ORC_Bv6v4--JdF8X2,FALSE,v6v4,Bacteria,FALSE,"marine biome",borehole,sediment,low,47.289197,-128.0351,7.5,12
DCO_ORC,DCO_ORC_Bv6v4--JdF8X5,FALSE,v6v4,Bacteria,FALSE,"marine biome",borehole,sediment,low,47.289197,-128.0351,7.1,12
DCO_ORC,DCO_ORC_Bv6v4--JdFback,FALSE,v6v4,Bacteria,FALSE,"marine biome",borehole,water,high,47.292873,-128.029332,null,null
DCO_ORC,DCO_ORC_Bv6v4--NP13501,FALSE,v6v4,Bacteria,FALSE,"marine biome",borehole,sediment,low,22.78,-46.11,7.8,4
DCO_ORC,DCO_ORC_Bv6v4--NP13504,FALSE,v6v4,Bacteria,FALSE,"marine biome",borehole,sediment,low,22.83,-46.05,7.8,4
DCO_ORC,DCO_ORC_Bv6v4--Orc4H1,FALSE,v6v4,Bacteria,FALSE,"marine biome",borehole,sediment,low,47.28877,-128.03562,7.4,6
DCO_ORC,DCO_ORC_Bv6v4--Orc4H3_upper,FALSE,v6v4,Bacteria,FALSE,"marine biome",borehole,sediment,low,47.28877,-128.03562,7.3,7
DCO_PIN,DCO_PIN_Av4v5--A1_,FALSE,v4v5,Archaea,FALSE,"terrestrial biome",borehole,rock,low,17.12,73.87,6.8,null
DCO_PIN,DCO_PIN_Av4v5--A2_,FALSE,v4v5,Archaea,FALSE,"terrestrial biome",borehole,rock,low,17.12,73.87,6.8,null
DCO_PIN,DCO_PIN_Av4v5--A3_,FALSE,v4v5,Archaea,FALSE,"terrestrial biome",borehole,rock,low,17.12,73.87,7.2,null
DCO_PIN,DCO_PIN_Av4v5--A4_,FALSE,v4v5,Archaea,FALSE,"terrestrial biome",borehole,rock,low,17.12,73.87,7.9,null
DCO_PIN,DCO_PIN_Av4v5--A5_,FALSE,v4v5,Archaea,FALSE,"terrestrial biome",borehole,rock,low,17.12,73.87,8,null
DCO_PIN,DCO_PIN_Av4v5--B1_,FALSE,v4v5,Archaea,FALSE,"terrestrial biome",borehole,rock,low,17.12,73.87,6.7,null
DCO_PIN,DCO_PIN_Av4v5--B2_,FALSE,v4v5,Archaea,FALSE,"terrestrial biome",borehole,rock,low,17.12,73.87,6.8,null
DCO_PIN,DCO_PIN_Av4v5--B3_,FALSE,v4v5,Archaea,FALSE,"terrestrial biome",borehole,rock,low,17.12,73.87,7,null
DCO_PIN,DCO_PIN_Av4v5--B4_,FALSE,v4v5,Archaea,FALSE,"terrestrial biome",borehole,rock,low,17.12,73.87,7.3,null
DCO_PIN,DCO_PIN_Av4v5--B5_,FALSE,v4v5,Archaea,FALSE,"terrestrial biome",borehole,rock,low,17.12,73.87,7.9,null
DCO_PIN,DCO_PIN_Av4v5--B6_,FALSE,v4v5,Archaea,FALSE,"terrestrial biome",borehole,rock,low,17.12,73.87,8,null
DCO_RAM,DCO_RAM_Av6v4--MSM16_2_809_1_MUC,FALSE,v6v4,Archaea,FALSE,"marine biome",seep,sediment,high,72.003,14.732,8.2,-1
DCO_RAM,DCO_RAM_Av6v4--MSM16_2_823_1_MUC,FALSE,v6v4,Archaea,FALSE,"marine biome",seep,sediment,high,72.003,14.732,8.2,-1
DCO_RAM,DCO_RAM_Av6v4--MSM16_2_838_1_MUC,FALSE,v6v4,Archaea,FALSE,"marine biome",seep,sediment,high,72.005,14.726,8.2,-1
DCO_RAM,DCO_RAM_Av6v4--MSM16_2_847_1_MUC,FALSE,v6v4,Archaea,FALSE,"marine biome",seep,sediment,high,72.004,14.727,8.2,-1
DCO_RAM,DCO_RAM_Av6v4--MSM16_2_855_1_MUC,FALSE,v6v4,Archaea,FALSE,"marine biome",seep,sediment,high,72.004,14.73,8.2,-1
DCO_RAM,DCO_RAM_Av6v4--PS64_312_1_MUC,FALSE,v6v4,Archaea,FALSE,"marine biome",seep,sediment,high,72.004,14.725,8.2,-1
DCO_RAM,DCO_RAM_Av6v4--PS64_317_PUC_17,FALSE,v6v4,Archaea,FALSE,"marine biome",seep,sediment,high,72.003,14.731,8.2,-1
DCO_RAM,DCO_RAM_Av6v4--PS64_326_PUC_12,FALSE,v6v4,Archaea,FALSE,"marine biome",seep,sediment,high,72.001,14.719,8.2,-1
DCO_RAM,DCO_RAM_Av6v4--PS64_332_1_GC,FALSE,v6v4,Archaea,FALSE,"marine biome",seep,sediment,high,72.005,14.726,8.2,-1
DCO_RAM,DCO_RAM_Av6v4--PS64_336_1_GC,FALSE,v6v4,Archaea,FALSE,"marine biome",seep,sediment,high,72.0,14.726,8.2,-1
DCO_RAM,DCO_RAM_Av6v4--PS64_371_1_GC,FALSE,v6v4,Archaea,FALSE,"marine biome",seep,sediment,high,72.003,14.731,8.2,-1
DCO_RAM,DCO_RAM_Av6v4--PS64_372_1_GC,FALSE,v6v4,Archaea,FALSE,"marine biome",seep,sediment,high,72.004,14.727,8.2,-1
DCO_RAM,DCO_RAM_Av6v4--PS64_373_1_GC,FALSE,v6v4,Archaea,FALSE,"marine biome",seep,sediment,high,72.003,14.728,8.2,-1
DCO_RAM,DCO_RAM_Av6v4--PS74_2_168_1_MUC,FALSE,v6v4,Archaea,FALSE,"marine biome",seep,sediment,high,72.005,14.724,8.2,-1
DCO_RAM,DCO_RAM_Av6v4--PS74_2_169_1_PUC3,FALSE,v6v4,Archaea,FALSE,"marine biome",seep,sediment,high,72.005,14.726,8.2,-1
DCO_RAM,DCO_RAM_Av6v4--PS74_2_172_1_PUC131,FALSE,v6v4,Archaea,FALSE,"marine biome",seep,sediment,high,72.005,14.726,8.2,-1
DCO_RAM,DCO_RAM_Bv6v4--MSM16_2_809_1_MUC,FALSE,v6v4,Bacteria,FALSE,"marine biome",seep,sediment,high,72.003,14.732,8.2,-1
DCO_RAM,DCO_RAM_Bv6v4--MSM16_2_823_1_MUC,FALSE,v6v4,Bacteria,FALSE,"marine biome",seep,sediment,high,72.003,14.732,8.2,-1
DCO_RAM,DCO_RAM_Bv6v4--MSM16_2_838_1_MUC,FALSE,v6v4,Bacteria,FALSE,"marine biome",seep,sediment,high,72.005,14.726,8.2,-1
DCO_RAM,DCO_RAM_Bv6v4--MSM16_2_847_1_MUC,FALSE,v6v4,Bacteria,FALSE,"marine biome",seep,sediment,high,72.004,14.727,8.2,-1
DCO_RAM,DCO_RAM_Bv6v4--MSM16_2_855_1_MUC,FALSE,v6v4,Bacteria,FALSE,"marine biome",seep,sediment,high,72.004,14.73,8.2,-1
DCO_RAM,DCO_RAM_Bv6v4--PS64_312_1_MUC,FALSE,v6v4,Bacteria,FALSE,"marine biome",seep,sediment,high,72.004,14.725,8.2,-1
DCO_RAM,DCO_RAM_Bv6v4--PS64_317_PUC_17,FALSE,v6v4,Bacteria,FALSE,"marine biome",seep,sediment,high,72.003,14.731,8.2,-1
DCO_RAM,DCO_RAM_Bv6v4--PS64_326_PUC_12,FALSE,v6v4,Bacteria,FALSE,"marine biome",seep,sediment,high,72.001,14.719,8.2,-1
DCO_RAM,DCO_RAM_Bv6v4--PS64_332_1_GC,FALSE,v6v4,Bacteria,FALSE,"marine biome",seep,sediment,high,72.005,14.726,8.2,-1
DCO_RAM,DCO_RAM_Bv6v4--PS64_336_1_GC,FALSE,v6v4,Bacteria,FALSE,"marine biome",seep,sediment,high,72.0,14.726,8.2,-1
DCO_RAM,DCO_RAM_Bv6v4--PS64_371_1_GC,FALSE,v6v4,Bacteria,FALSE,"marine biome",seep,sediment,high,72.003,14.731,8.2,-1
DCO_RAM,DCO_RAM_Bv6v4--PS64_372_1_GC,FALSE,v6v4,Bacteria,FALSE,"marine biome",seep,sediment,high,72.004,14.727,8.2,-1
DCO_RAM,DCO_RAM_Bv6v4--PS64_373_1_GC,FALSE,v6v4,Bacteria,FALSE,"marine biome",seep,sediment,high,72.003,14.728,8.2,-1
DCO_RAM,DCO_RAM_Bv6v4--PS74_2_168_1_MUC,FALSE,v6v4,Bacteria,FALSE,"marine biome",seep,sediment,high,72.005,14.724,8.2,-1
DCO_RAM,DCO_RAM_Bv6v4--PS74_2_169_1_PUC3,FALSE,v6v4,Bacteria,FALSE,"marine biome",seep,sediment,high,72.005,14.726,8.2,-1
DCO_RAM,DCO_RAM_Bv6v4--PS74_2_172_1_PUC131,FALSE,v6v4,Bacteria,FALSE,"marine biome",seep,sediment,high,72.005,14.726,8.2,-1
DCO_RUS,DCO_RUS_Av4v5--O_12,FALSE,v4v5,Archaea,FALSE,"marine biome",estuary,sediment,low,38.7,-75.16,null,null
DCO_RUS,DCO_RUS_Av4v5--O_3,FALSE,v4v5,Archaea,FALSE,"marine biome",estuary,sediment,low,38.7,-75.16,null,null
DCO_RUS,DCO_RUS_Bv4v5--4_D,FALSE,v4v5,Bacteria,FALSE,"marine biome","continental margin",sediment,low,37.646,10.273,null,null
DCO_RUS,DCO_RUS_Bv4v5--6_D,FALSE,v4v5,Bacteria,FALSE,"marine biome","continental margin",sediment,low,37.646,10.273,null,null
DCO_RUS,DCO_RUS_Bv4v5--6_H,FALSE,v4v5,Bacteria,FALSE,"marine biome","continental margin",sediment,low,37.646,10.273,null,null
DCO_RUS,DCO_RUS_Bv4v5--8_D,FALSE,v4v5,Bacteria,FALSE,"marine biome","continental margin",sediment,low,37.646,10.273,null,null
DCO_RUS,DCO_RUS_Bv4v5--O_12,FALSE,v4v5,Bacteria,FALSE,"marine biome",estuary,sediment,low,38.7,-75.16,null,null
DCO_RUS,DCO_RUS_Bv4v5--O_3,FALSE,v4v5,Bacteria,FALSE,"marine biome",estuary,sediment,low,38.7,-75.16,null,null
DCO_SAR,DCO_SAR_Bv4v5--A1_,FALSE,v4v5,Bacteria,FALSE,"terrestrial biome",borehole,rock,low,17.12,73.87,6.8,null
DCO_SAR,DCO_SAR_Bv4v5--A2_,FALSE,v4v5,Bacteria,FALSE,"terrestrial biome",borehole,rock,low,17.12,73.87,6.8,null
DCO_SAR,DCO_SAR_Bv4v5--A3_,FALSE,v4v5,Bacteria,FALSE,"terrestrial biome",borehole,rock,low,17.12,73.87,7.2,null
DCO_SAR,DCO_SAR_Bv4v5--A4_,FALSE,v4v5,Bacteria,FALSE,"terrestrial biome",borehole,rock,low,17.12,73.87,7.9,null
DCO_SAR,DCO_SAR_Bv4v5--A5_,FALSE,v4v5,Bacteria,FALSE,"terrestrial biome",borehole,rock,low,17.12,73.87,8,null
DCO_SAR,DCO_SAR_Bv4v5--B1_,FALSE,v4v5,Bacteria,FALSE,"terrestrial biome",borehole,rock,low,17.12,73.87,6.7,null
DCO_SAR,DCO_SAR_Bv4v5--B2_,FALSE,v4v5,Bacteria,FALSE,"terrestrial biome",borehole,rock,low,17.12,73.87,6.8,null
DCO_SAR,DCO_SAR_Bv4v5--B3_,FALSE,v4v5,Bacteria,FALSE,"terrestrial biome",borehole,rock,low,17.12,73.87,7,null
DCO_SAR,DCO_SAR_Bv4v5--B4_,FALSE,v4v5,Bacteria,FALSE,"terrestrial biome",borehole,rock,low,17.12,73.87,7.3,null
DCO_SAR,DCO_SAR_Bv4v5--B5_,FALSE,v4v5,Bacteria,FALSE,"terrestrial biome",borehole,rock,low,17.12,73.87,7.9,null
DCO_SAR,DCO_SAR_Bv4v5--B6_,FALSE,v4v5,Bacteria,FALSE,"terrestrial biome",borehole,rock,low,17.12,73.87,8,null
DCO_SYL,DCO_SYL_Bv6v4--1373_DF_Bac,FALSE,v6v4,Bacteria,FALSE,"drilling bore water",borehole,water,high,-28.596,-173.28,null,null
DCO_SYL,DCO_SYL_Bv6v4--1374_14R_Bac,FALSE,v6v4,Bacteria,FALSE,"marine biome",borehole,rock,high,-28.596,-173.381,null,null
DCO_SYL,DCO_SYL_Bv6v4--1374_20R_Bac,FALSE,v6v4,Bacteria,FALSE,"marine biome",borehole,rock,high,-28.596,-173.381,null,null
DCO_SYL,DCO_SYL_Bv6v4--1374_27R_Bac,FALSE,v6v4,Bacteria,FALSE,"marine biome",borehole,rock,high,-28.596,-173.381,null,null
DCO_SYL,DCO_SYL_Bv6v4--1374_31R_Bac,FALSE,v6v4,Bacteria,FALSE,"marine biome",borehole,rock,high,-28.596,-173.381,null,null
DCO_SYL,DCO_SYL_Bv6v4--1374_38R_Bac,FALSE,v6v4,Bacteria,FALSE,"marine biome",borehole,rock,high,-28.596,-173.381,null,null
DCO_SYL,DCO_SYL_Bv6v4--1374_52R_Bac,FALSE,v6v4,Bacteria,FALSE,"marine biome",borehole,rock,high,-28.596,-173.381,null,null
DCO_SYL,DCO_SYL_Bv6v4--1374_58R_Bac,FALSE,v6v4,Bacteria,FALSE,"marine biome",borehole,rock,high,-28.596,-173.381,null,null
DCO_SYL,DCO_SYL_Bv6v4--1374_68R_Bac,FALSE,v6v4,Bacteria,FALSE,"marine biome",borehole,rock,high,-28.596,-173.381,null,null
DCO_SYL,DCO_SYL_Bv6v4--1374_8R_Bac,FALSE,v6v4,Bacteria,FALSE,"marine biome",borehole,rock,high,-28.596,-173.381,null,null
DCO_SYL,DCO_SYL_Bv6v4--1376_04R_Bac,FALSE,v6v4,Bacteria,FALSE,"marine biome",borehole,rock,high,-32.217,-171.881,null,null
DCO_SYL,DCO_SYL_Bv6v4--1376_07R_Bac,FALSE,v6v4,Bacteria,FALSE,"marine biome",borehole,rock,high,-32.217,-171.881,null,null
DCO_SYL,DCO_SYL_Bv6v4--1376_16R_Bac,FALSE,v6v4,Bacteria,FALSE,"marine biome",borehole,rock,high,-32.217,-171.881,null,null
DCO_SYL,DCO_SYL_Bv6v4--1376_17R_Bac,FALSE,v6v4,Bacteria,FALSE,"marine biome",borehole,rock,high,-32.217,-171.881,null,null
DCO_SYL,DCO_SYL_Bv6v4--1376_19R_Bac,FALSE,v6v4,Bacteria,FALSE,"marine biome",borehole,rock,high,-32.217,-171.881,null,null
DCO_SYL,DCO_SYL_Bv6v4--1376_23R,FALSE,v6v4,Bacteria,FALSE,"marine biome",borehole,rock,high,-32.217,-171.881,null,null
DCO_TAS,DCO_TAS_Av4v5--S1_10,FALSE,v4v5,Archaea,FALSE,"terrestrial biome",volcano,sediment,high,40.827049,14.141238,1.3,37.2
DCO_TAS,DCO_TAS_Av4v5--S1_30,FALSE,v4v5,Archaea,FALSE,"terrestrial biome",volcano,sediment,high,40.827049,14.141238,1.4,57.6
DCO_TAS,DCO_TAS_Av4v5--S2_10,FALSE,v4v5,Archaea,FALSE,"terrestrial biome",volcano,sediment,high,40.827049,14.141238,1.5,42.9
DCO_TAS,DCO_TAS_Av4v5--S2_30,FALSE,v4v5,Archaea,FALSE,"terrestrial biome",volcano,sediment,high,40.827049,14.141238,1.7,60.1
DCO_TAS,DCO_TAS_Av4v5--S3_10,FALSE,v4v5,Archaea,FALSE,"terrestrial biome",volcano,sediment,high,40.827049,14.141238,2.2,26.3
DCO_TAS,DCO_TAS_Av4v5--S3_30,FALSE,v4v5,Archaea,FALSE,"terrestrial biome",volcano,sediment,high,40.827049,14.141238,2,50.6
DCO_TAS,DCO_TAS_Av4v5--S4_10,FALSE,v4v5,Archaea,FALSE,"terrestrial biome",volcano,sediment,high,40.827049,14.141238,2.8,10.5
DCO_TAS,DCO_TAS_Av4v5--S4_30,FALSE,v4v5,Archaea,FALSE,"terrestrial biome",volcano,sediment,high,40.827049,14.141238,3.4,12.4
DCO_TAS,DCO_TAS_Av4v5--S5_10,FALSE,v4v5,Archaea,FALSE,"terrestrial biome",volcano,sediment,high,40.827049,14.141238,3.4,14.4
DCO_TAS,DCO_TAS_Av4v5--S5_30,FALSE,v4v5,Archaea,FALSE,"terrestrial biome",volcano,sediment,high,40.827049,14.141238,3.6,17.4
DCO_TAS,DCO_TAS_Av4v5--S6_,FALSE,v4v5,Archaea,FALSE,"terrestrial biome",volcano,mud,high,40.827049,14.141238,2.1,70
DCO_TAS,DCO_TAS_Av4v5--S7_,FALSE,v4v5,Archaea,FALSE,"terrestrial biome",volcano,mud,high,40.827049,14.141238,1.9,40
DCO_TAS,DCO_TAS_Bv4v5--S1_10,FALSE,v4v5,Bacteria,FALSE,"terrestrial biome",volcano,sediment,high,40.827049,14.141238,1.3,37.2
DCO_TAS,DCO_TAS_Bv4v5--S1_30,FALSE,v4v5,Bacteria,FALSE,"terrestrial biome",volcano,sediment,high,40.827049,14.141238,1.4,57.6
DCO_TAS,DCO_TAS_Bv4v5--S2_10,FALSE,v4v5,Bacteria,FALSE,"terrestrial biome",volcano,sediment,high,40.827049,14.141238,1.5,42.9
DCO_TAS,DCO_TAS_Bv4v5--S2_30,FALSE,v4v5,Bacteria,FALSE,"terrestrial biome",volcano,sediment,high,40.827049,14.141238,1.7,60.1
DCO_TAS,DCO_TAS_Bv4v5--S3_10,FALSE,v4v5,Bacteria,FALSE,"terrestrial biome",volcano,sediment,high,40.827049,14.141238,2.2,26.3
DCO_TAS,DCO_TAS_Bv4v5--S3_30,FALSE,v4v5,Bacteria,FALSE,"terrestrial biome",volcano,sediment,high,40.827049,14.141238,2,50.6
DCO_TAS,DCO_TAS_Bv4v5--S4_10,FALSE,v4v5,Bacteria,FALSE,"terrestrial biome",volcano,sediment,high,40.827049,14.141238,2.8,10.5
DCO_TAS,DCO_TAS_Bv4v5--S4_30,FALSE,v4v5,Bacteria,FALSE,"terrestrial biome",volcano,sediment,high,40.827049,14.141238,3.4,12.4
DCO_TAS,DCO_TAS_Bv4v5--S5_10,FALSE,v4v5,Bacteria,FALSE,"terrestrial biome",volcano,sediment,high,40.827049,14.141238,3.4,14.4
DCO_TAS,DCO_TAS_Bv4v5--S5_30,FALSE,v4v5,Bacteria,FALSE,"terrestrial biome",volcano,sediment,high,40.827049,14.141238,3.6,17.4
DCO_TAS,DCO_TAS_Bv4v5--S6_,FALSE,v4v5,Bacteria,FALSE,"terrestrial biome",volcano,mud,high,40.827049,14.141238,2.1,70
DCO_TAS,DCO_TAS_Bv4v5--S7_,FALSE,v4v5,Bacteria,FALSE,"terrestrial biome",volcano,mud,high,40.827049,14.141238,1.9,40
DCO_TCO,DCO_TCO_Av6--BE326FW120711BH2,FALSE,v6,Archaea,FALSE,"terrestrial biome","geological fracture",water,low,-28.24,26.8,8.2,34.6
DCO_TCO,DCO_TCO_Av6--BE326FW250111BH2,FALSE,v6,Archaea,FALSE,"terrestrial biome","geological fracture",water,low,-28.24,26.8,8.8,36.9
DCO_TCO,DCO_TCO_Av6--BE326FW270712BH2,FALSE,v6,Archaea,FALSE,"terrestrial biome","geological fracture",water,low,-28.24,26.8,8.6,38.1
DCO_TCO,DCO_TCO_Av6--DR5IPCFW280711,FALSE,v6,Archaea,FALSE,"terrestrial biome","geological fracture",water,low,-26.42,27.5,7.4,26.8
DCO_TCO,DCO_TCO_Av6--FI88FW031012,FALSE,v6,Archaea,FALSE,"terrestrial biome","geological fracture",water,low,-28.38,23.45,6.8,28.9
DCO_TCO,DCO_TCO_Av6--MM51940FW200712,FALSE,v6,Archaea,FALSE,"terrestrial biome","geological fracture",water,low,-27.98,26.88,7.7,40.7
DCO_TCO,DCO_TCO_Av6--NO14FW130912,FALSE,v6,Archaea,FALSE,"terrestrial biome","geological fracture",water,low,-24.83,27.34,8.48,65
DCO_TCO,DCO_TCO_Av6--TT109FW060312BH2,FALSE,v6,Archaea,FALSE,"terrestrial biome","geological fracture",water,low,-26.42,27.43,8.19,48.7
DCO_TCO,DCO_TCO_Bv6--BE326FW120711BH2,FALSE,v6,Bacteria,FALSE,"terrestrial biome","geological fracture",water,low,-28.24,26.8,8.2,34.6
DCO_TCO,DCO_TCO_Bv6--BE326FW250111BH2,FALSE,v6,Bacteria,FALSE,"terrestrial biome","geological fracture",water,low,-28.24,26.8,8.8,36.9
DCO_TCO,DCO_TCO_Bv6--BE326FW270712BH2,FALSE,v6,Bacteria,FALSE,"terrestrial biome","geological fracture",water,low,-28.24,26.8,8.6,38.1
DCO_TCO,DCO_TCO_Bv6--DR5IPCFW280711,FALSE,v6,Bacteria,FALSE,"terrestrial biome","geological fracture",water,low,-26.42,27.5,7.4,26.8
DCO_TCO,DCO_TCO_Bv6--FI88FW031012,FALSE,v6,Bacteria,FALSE,"terrestrial biome","geological fracture",water,low,-28.38,23.45,6.8,28.9
DCO_TCO,DCO_TCO_Bv6--MM51940FW200712,FALSE,v6,Bacteria,FALSE,"terrestrial biome","geological fracture",water,low,-27.98,26.88,7.7,40.7
DCO_TCO,DCO_TCO_Bv6--NO14FW130912,FALSE,v6,Bacteria,FALSE,"terrestrial biome","geological fracture",water,low,-24.83,27.34,8.48,65
DCO_WAL,DCO_WAL_Av6v4--BS_1A,FALSE,v6v4,Archaea,FALSE,"marine biome",borehole,sediment,low,58.70444,-178.56417,7.38,null
DCO_WAL,DCO_WAL_Av6v4--BS_2A,FALSE,v6v4,Archaea,FALSE,"marine biome",borehole,sediment,low,58.70444,-178.56417,7.67,null
DCO_WAL,DCO_WAL_Av6v4--BS_3A,FALSE,v6v4,Archaea,FALSE,"marine biome",borehole,sediment,low,58.70444,-178.56417,7.78,null
DCO_WAL,DCO_WAL_Av6v4--BS_4A,FALSE,v6v4,Archaea,FALSE,"marine biome",borehole,sediment,low,58.70444,-178.56417,7.72,null
DCO_WAL,DCO_WAL_Av6v4--BS_5.5A,FALSE,v6v4,Archaea,FALSE,"marine biome",borehole,sediment,low,58.70444,-178.56417,7.77,null
DCO_WAL,DCO_WAL_Av6v4--BS_5A,FALSE,v6v4,Archaea,FALSE,"marine biome",borehole,sediment,low,58.70444,-178.56417,7.65,null
DCO_WAL,DCO_WAL_Av6v4--BS_6A,FALSE,v6v4,Archaea,FALSE,"marine biome",borehole,sediment,low,58.70444,-178.56417,7.76,null
DCO_WAL,DCO_WAL_Av6v4--BS_7.5A,FALSE,v6v4,Archaea,FALSE,"marine biome",borehole,sediment,low,58.70444,-178.56417,7.93,null
DCO_WAL,DCO_WAL_Av6v4--BS_7A,FALSE,v6v4,Archaea,FALSE,"marine biome",borehole,sediment,low,58.70444,-178.56417,7.94,null
DCO_WAL,DCO_WAL_Av6v4--BS_8A,FALSE,v6v4,Archaea,FALSE,"marine biome",borehole,sediment,low,58.70444,-178.56417,8.15,null
DCO_WAL,DCO_WAL_Bv6v4--BS_5.5_B,FALSE,v6v4,Bacteria,FALSE,"marine biome",borehole,sediment,low,58.70444,-178.56417,7.77,null
DCO_WAL,DCO_WAL_Bv6v4--BS_7.5_B,FALSE,v6v4,Bacteria,FALSE,"marine biome",borehole,sediment,low,58.70444,-178.56417,7.93,null
DCO_WAL,DCO_WAL_Bv6v4--Bering_1_Bv6v4,FALSE,v6v4,Bacteria,FALSE,"marine biome",borehole,sediment,low,58.70444,-178.56417,7.38,null
DCO_WAL,DCO_WAL_Bv6v4--Bering_2_Bv6v4,FALSE,v6v4,Bacteria,FALSE,"marine biome",borehole,sediment,low,58.70444,-178.56417,7.67,null
DCO_WAL,DCO_WAL_Bv6v4--Bering_3_Bv6v4,FALSE,v6v4,Bacteria,FALSE,"marine biome",borehole,sediment,low,58.70444,-178.56417,7.78,null
DCO_WAL,DCO_WAL_Bv6v4--Bering_4_Bv6v4,FALSE,v6v4,Bacteria,FALSE,"marine biome",borehole,sediment,low,58.70444,-178.56417,7.72,null
DCO_WAL,DCO_WAL_Bv6v4--Bering_5_Bv6v4,FALSE,v6v4,Bacteria,FALSE,"marine biome",borehole,sediment,low,58.70444,-178.56417,7.65,null
DCO_WAL,DCO_WAL_Bv6v4--Bering_6_Bv6v4,FALSE,v6v4,Bacteria,FALSE,"marine biome",borehole,sediment,low,58.70444,-178.56417,7.76,null
DCO_WAL,DCO_WAL_Bv6v4--Bering_7_Bv6v4,FALSE,v6v4,Bacteria,FALSE,"marine biome",borehole,sediment,low,58.70444,-178.56417,7.94,null
DCO_WAL,DCO_WAL_Bv6v4--Bering_8_Bv6v4,FALSE,v6v4,Bacteria,FALSE,"marine biome",borehole,sediment,low,58.70444,-178.56417,8.15,null
