PROJECT_ID,SAMPLE_ID,blank_or_control,dna_region,domain,enrichment,env_biome,env_feature,env_material,latitude,longitude
DCO_BRZ,DCO_BRZ_Bv4v5--CRO_CSW1_1A_Aug13,FALSE,v4v5,Bacteria,FALSE,"montane shrubland","alkaline habitat","bore hole water",38.862,-122.414
DCO_BRZ,DCO_BRZ_Bv4v5--CRO_CSW1_1A_Jul14,FALSE,v4v5,Bacteria,FALSE,"montane shrubland","alkaline habitat","bore hole water",38.862,-122.414
DCO_BRZ,DCO_BRZ_Bv4v5--CRO_CSW1_1B_Aug13,FALSE,v4v5,Bacteria,FALSE,"montane shrubland","alkaline habitat","bore hole water",38.862,-122.414
DCO_BRZ,DCO_BRZ_Bv4v5--CRO_CSW1_1B_Jul14,FALSE,v4v5,Bacteria,FALSE,"montane shrubland","alkaline habitat","bore hole water",38.862,-122.414
DCO_BRZ,DCO_BRZ_Bv4v5--CRO_CSW1_1C_Aug13,FALSE,v4v5,Bacteria,FALSE,"montane shrubland","alkaline habitat","bore hole water",38.862,-122.414
DCO_BRZ,DCO_BRZ_Bv4v5--CRO_CSW1_1C_Jul14,FALSE,v4v5,Bacteria,FALSE,"montane shrubland","alkaline habitat","bore hole water",38.862,-122.414
DCO_BRZ,DCO_BRZ_Bv4v5--CRO_CSW1_3A_Aug13,FALSE,v4v5,Bacteria,FALSE,"montane shrubland","alkaline habitat","bore hole water",38.862,-122.41402
DCO_BRZ,DCO_BRZ_Bv4v5--CRO_CSW1_3A_Jul14,FALSE,v4v5,Bacteria,FALSE,"montane shrubland","alkaline habitat","bore hole water",38.862,-122.41402
DCO_BRZ,DCO_BRZ_Bv4v5--CRO_CSW1_3B_Aug13,FALSE,v4v5,Bacteria,FALSE,"montane shrubland","alkaline habitat","bore hole water",38.862,-122.41402
DCO_BRZ,DCO_BRZ_Bv4v5--CRO_CSW1_3B_Jul14,FALSE,v4v5,Bacteria,FALSE,"montane shrubland","alkaline habitat","bore hole water",38.862,-122.41402
DCO_BRZ,DCO_BRZ_Bv4v5--CRO_CSW1_3C_Aug13,FALSE,v4v5,Bacteria,FALSE,"montane shrubland","alkaline habitat","bore hole water",38.862,-122.41402
DCO_BRZ,DCO_BRZ_Bv4v5--CRO_QV1_1A_Aug13,FALSE,v4v5,Bacteria,FALSE,"montane shrubland","alkaline habitat","bore hole water",38.862,-122.43006
DCO_BRZ,DCO_BRZ_Bv4v5--CRO_QV1_1A_Jul14,FALSE,v4v5,Bacteria,FALSE,"montane shrubland","alkaline habitat","bore hole water",38.862,-122.43006
DCO_BRZ,DCO_BRZ_Bv4v5--CRO_QV1_1B_Aug13,FALSE,v4v5,Bacteria,FALSE,"montane shrubland","alkaline habitat","bore hole water",38.862,-122.43006
DCO_BRZ,DCO_BRZ_Bv4v5--CRO_QV1_1B_Jul14,FALSE,v4v5,Bacteria,FALSE,"montane shrubland","alkaline habitat","bore hole water",38.862,-122.43006
DCO_BRZ,DCO_BRZ_Bv4v5--CRO_QV1_1C_Aug13,FALSE,v4v5,Bacteria,FALSE,"montane shrubland","alkaline habitat","bore hole water",38.862,-122.43006
DCO_BRZ,DCO_BRZ_Bv4v5--CRO_QV1_1C_Jul14,FALSE,v4v5,Bacteria,FALSE,"montane shrubland","alkaline habitat","bore hole water",38.862,-122.43006
DCO_BRZ,DCO_BRZ_Bv4v5--CRO_QV1_2A_Aug13,FALSE,v4v5,Bacteria,FALSE,"montane shrubland","alkaline habitat","bore hole water",38.86202,-122.43006
DCO_BRZ,DCO_BRZ_Bv4v5--CRO_QV1_2A_Jul14,FALSE,v4v5,Bacteria,FALSE,"montane shrubland","alkaline habitat","bore hole water",38.86202,-122.43006
DCO_BRZ,DCO_BRZ_Bv4v5--CRO_QV1_2B_Aug13,FALSE,v4v5,Bacteria,FALSE,"montane shrubland","alkaline habitat","bore hole water",38.86202,-122.43006
DCO_BRZ,DCO_BRZ_Bv4v5--CRO_QV1_2B_Jul14,FALSE,v4v5,Bacteria,FALSE,"montane shrubland","alkaline habitat","bore hole water",38.86202,-122.43006
DCO_BRZ,DCO_BRZ_Bv4v5--CRO_QV1_2C_Aug13,FALSE,v4v5,Bacteria,FALSE,"montane shrubland","alkaline habitat","bore hole water",38.86202,-122.43006
DCO_BRZ,DCO_BRZ_Bv4v5--CSWold_A_Aug13,FALSE,v4v5,Bacteria,FALSE,"montane shrubland","alkaline habitat","bore hole water",38.86193,-122.414
DCO_BRZ,DCO_BRZ_Bv4v5--CSWold_A_Dec13,FALSE,v4v5,Bacteria,FALSE,"montane shrubland","alkaline habitat","bore hole water",38.86193,-122.414
DCO_BRZ,DCO_BRZ_Bv4v5--CSWold_June11,FALSE,v4v5,Bacteria,FALSE,"montane shrubland","alkaline habitat","bore hole water",38.86193,-122.414
DCO_BRZ,DCO_BRZ_Bv4v5--CSWold_Mar12,FALSE,v4v5,Bacteria,FALSE,"montane shrubland","alkaline habitat","bore hole water",38.86193,-122.414
DCO_BRZ,DCO_BRZ_Bv4v5--N08A_A_Dec13,FALSE,v4v5,Bacteria,FALSE,"montane shrubland","alkaline habitat","bore hole water",38.862,-122.43
DCO_BRZ,DCO_BRZ_Bv4v5--N08A_B_Aug13,FALSE,v4v5,Bacteria,FALSE,"montane shrubland","alkaline habitat","bore hole water",38.862,-122.43
DCO_BRZ,DCO_BRZ_Bv4v5--N08A_July11,FALSE,v4v5,Bacteria,FALSE,"montane shrubland","alkaline habitat","bore hole water",38.862,-122.43
DCO_BRZ,DCO_BRZ_Bv4v5--N08Aa_Aug12,FALSE,v4v5,Bacteria,FALSE,"montane shrubland","alkaline habitat","bore hole water",38.862,-122.43
DCO_BRZ,DCO_BRZ_Bv4v5--N08B_A_Aug13,FALSE,v4v5,Bacteria,FALSE,"montane shrubland","alkaline habitat","bore hole water",38.86201,-122.43
DCO_BRZ,DCO_BRZ_Bv4v5--N08B_A_Dec13,FALSE,v4v5,Bacteria,FALSE,"montane shrubland","alkaline habitat","bore hole water",38.86201,-122.43
DCO_BRZ,DCO_BRZ_Bv4v5--N08B_July11,FALSE,v4v5,Bacteria,FALSE,"montane shrubland","alkaline habitat","bore hole water",38.86201,-122.43
DCO_BRZ,DCO_BRZ_Bv4v5--N08Ba_Aug12,FALSE,v4v5,Bacteria,FALSE,"montane shrubland","alkaline habitat","bore hole water",38.86201,-122.43
DCO_BRZ,DCO_BRZ_Bv4v5--N08Bb_Aug12,FALSE,v4v5,Bacteria,FALSE,"montane shrubland","alkaline habitat","bore hole water",38.86201,-122.43
DCO_BRZ,DCO_BRZ_Bv4v5--N08Bc_Aug12,FALSE,v4v5,Bacteria,FALSE,"montane shrubland","alkaline habitat","bore hole water",38.86201,-122.43
DCO_BRZ,DCO_BRZ_Bv4v5--N08C_A_Aug13,FALSE,v4v5,Bacteria,FALSE,"montane shrubland","alkaline habitat","bore hole water",38.86202,-122.43
DCO_BRZ,DCO_BRZ_Bv4v5--N08C_A_Dec13,FALSE,v4v5,Bacteria,FALSE,"montane shrubland","alkaline habitat","bore hole water",38.86202,-122.43
DCO_BRZ,DCO_BRZ_Bv4v5--N1A_Aug12,FALSE,v4v5,Bacteria,FALSE,"montane shrubland","alkaline habitat","bore hole water",38.882,-122.478
DCO_BRZ,DCO_BRZ_Bv4v5--N5A_Aug12,FALSE,v4v5,Bacteria,FALSE,"montane shrubland","alkaline habitat","bore hole water",38.871,-122.428
DCO_BRZ,DCO_BRZ_Bv4v5--Serp_CRO_8A_Apr11_Bv4v5,FALSE,v4v5,Bacteria,FALSE,"montane shrubland","alkaline habitat","bore hole water",38.862,-122.43
DCO_BRZ,DCO_BRZ_Bv4v5--Serp_CRO_8A_Aug11_Bv4v5,FALSE,v4v5,Bacteria,FALSE,"montane shrubland","alkaline habitat","bore hole water",38.862,-122.43
DCO_BRZ,DCO_BRZ_Bv4v5--Serp_CRO_8B_AprC11_Bv4v5,FALSE,v4v5,Bacteria,FALSE,"montane shrubland","alkaline habitat","bore hole water",38.86201,-122.43
DCO_BRZ,DCO_BRZ_Bv4v5--Serp_CRO_8B_AprD11_Bv4v5,FALSE,v4v5,Bacteria,FALSE,"montane shrubland","alkaline habitat","bore hole water",38.86201,-122.43
DCO_BRZ,DCO_BRZ_Bv4v5--Serp_CRO_CSW11ABCD_Jun12_Bv4v5,FALSE,v4v5,Bacteria,FALSE,"montane shrubland","alkaline habitat","bore hole water",38.862,-122.414
DCO_BRZ,DCO_BRZ_Bv4v5--Serp_CRO_CSW1_1A_Mar13,FALSE,v4v5,Bacteria,FALSE,"montane shrubland","alkaline habitat","bore hole water",38.862,-122.414
DCO_BRZ,DCO_BRZ_Bv4v5--Serp_CRO_CSW1_2A_Mar13,FALSE,v4v5,Bacteria,FALSE,"montane shrubland","alkaline habitat","bore hole water",38.862,-122.414
DCO_BRZ,DCO_BRZ_Bv4v5--Serp_CRO_CSW1_3B_Mar13,FALSE,v4v5,Bacteria,FALSE,"montane shrubland","alkaline habitat","bore hole water",38.862,-122.414
DCO_BRZ,DCO_BRZ_Bv4v5--Serp_CRO_CSW1_4A_Mar13,FALSE,v4v5,Bacteria,FALSE,"montane shrubland","alkaline habitat","bore hole water",38.862,-122.414
DCO_BRZ,DCO_BRZ_Bv4v5--Serp_CRO_CSW1_5A_Mar13,FALSE,v4v5,Bacteria,FALSE,"montane shrubland","alkaline habitat","bore hole water",38.862,-122.414
DCO_BRZ,DCO_BRZ_Bv4v5--Serp_CRO_CSW_Aug11_Bv4v5,FALSE,v4v5,Bacteria,FALSE,"montane shrubland","alkaline habitat","bore hole water",38.86193,-122.414
DCO_BRZ,DCO_BRZ_Bv4v5--Serp_CRO_CSWold2_Jul11_Bv4v5,FALSE,v4v5,Bacteria,FALSE,"montane shrubland","alkaline habitat","bore hole water",38.86193,-122.414
DCO_BRZ,DCO_BRZ_Bv4v5--Serp_CRO_CSWold3_Jul11_Bv4v5,FALSE,v4v5,Bacteria,FALSE,"montane shrubland","alkaline habitat","bore hole water",38.86193,-122.414
DCO_BRZ,DCO_BRZ_Bv4v5--Serp_CRO_CSWoldA_Mar13,FALSE,v4v5,Bacteria,FALSE,"montane shrubland","alkaline habitat","bore hole water",38.86193,-122.414
DCO_BRZ,DCO_BRZ_Bv4v5--Serp_CRO_CSWoldB_Mar13,FALSE,v4v5,Bacteria,FALSE,"montane shrubland","alkaline habitat","bore hole water",38.86193,-122.414
DCO_BRZ,DCO_BRZ_Bv4v5--Serp_CRO_CSWoldT0_Mar13,FALSE,v4v5,Bacteria,FALSE,"montane shrubland","alkaline habitat","bore hole water",38.86193,-122.414
DCO_BRZ,DCO_BRZ_Bv4v5--Serp_CRO_CSWold_11_11_Bv4v5,FALSE,v4v5,Bacteria,FALSE,"montane shrubland","alkaline habitat","bore hole water",38.86193,-122.414
DCO_BRZ,DCO_BRZ_Bv4v5--Serp_CRO_CSWwell_Aug11_Bv4v5,FALSE,v4v5,Bacteria,FALSE,"montane shrubland","alkaline habitat","bore hole water",38.86193,-122.414
DCO_BRZ,DCO_BRZ_Bv4v5--Serp_CRO_N08AB_Mar13,FALSE,v4v5,Bacteria,FALSE,"montane shrubland","alkaline habitat","bore hole water",38.862,-122.43
DCO_BRZ,DCO_BRZ_Bv4v5--Serp_CRO_N08A_Apr11_Bv4v5,FALSE,v4v5,Bacteria,FALSE,"montane shrubland","alkaline habitat","bore hole water",38.862,-122.43
DCO_BRZ,DCO_BRZ_Bv4v5--Serp_CRO_N08A_Aug11_Bv4v5,FALSE,v4v5,Bacteria,FALSE,"montane shrubland","alkaline habitat","bore hole water",38.862,-122.43
DCO_BRZ,DCO_BRZ_Bv4v5--Serp_CRO_N08BA_Mar13,FALSE,v4v5,Bacteria,FALSE,"montane shrubland","alkaline habitat","bore hole water",38.86201,-122.43
DCO_BRZ,DCO_BRZ_Bv4v5--Serp_CRO_N08BB_Mar13,FALSE,v4v5,Bacteria,FALSE,"montane shrubland","alkaline habitat","bore hole water",38.86201,-122.43
DCO_BRZ,DCO_BRZ_Bv4v5--Serp_CRO_N08CA_Mar13,FALSE,v4v5,Bacteria,FALSE,"montane shrubland","alkaline habitat","bore hole water",38.86202,-122.43
DCO_BRZ,DCO_BRZ_Bv4v5--Serp_CRO_N08T0_Mar13,FALSE,v4v5,Bacteria,FALSE,"montane shrubland","alkaline habitat","bore hole water",38.862,-122.43
DCO_BRZ,DCO_BRZ_Bv4v5--Serp_CRO_QV13A_Aug12_Bv4v5,FALSE,v4v5,Bacteria,FALSE,"montane shrubland","alkaline habitat","bore hole water",38.862,-122.43006
DCO_BRZ,DCO_BRZ_Bv4v5--Serp_CRO_QV1_1A_Mar13,FALSE,v4v5,Bacteria,FALSE,"montane shrubland","alkaline habitat","bore hole water",38.862,-122.43006
DCO_BRZ,DCO_BRZ_Bv4v5--Serp_CRO_QV1_2B_Mar13,FALSE,v4v5,Bacteria,FALSE,"montane shrubland","alkaline habitat","bore hole water",38.862,-122.43006
DCO_BRZ,DCO_BRZ_Bv4v5--Serp_CRO_QV1_3B_Mar13,FALSE,v4v5,Bacteria,FALSE,"montane shrubland","alkaline habitat","bore hole water",38.862,-122.43006
DCO_BRZ,DCO_BRZ_Bv4v5--Serp_CRO_Well8B_Apr11_Bv4v5,FALSE,v4v5,Bacteria,FALSE,"montane shrubland","alkaline habitat","bore hole water",38.86201,-122.43
DCO_BRZ,DCO_BRZ_Bv4v5--Serp_CRO_tank1_Aug11_Bv4v5,FALSE,v4v5,Bacteria,FALSE,"montane shrubland","alkaline habitat","bore hole water",38.862,-122.414
DCO_BRZ,DCO_BRZ_Bv4v5--Serp_CRO_tank3_Aug11_Bv4v5,FALSE,v4v5,Bacteria,FALSE,"montane shrubland","alkaline habitat","bore hole water",38.862,-122.414
DCO_BRZ,DCO_BRZ_Bv4v5--Serp_LC1408,FALSE,v4v5,Bacteria,FALSE,"marine benthic","marine hydrothermal vent","biofilm material",30.123203,42.118972
DCO_BRZ,DCO_BRZ_Bv4v5--Serp_LC3862_1325,FALSE,v4v5,Bacteria,FALSE,"marine benthic","marine hydrothermal vent","biofilm material",30.123203,42.118972
DCO_BRZ,DCO_BRZ_Bv4v5--Serp_LC_BB02_Bv4v5,FALSE,v4v5,Bacteria,FALSE,"marine benthic","marine hydrothermal vent","biofilm material",30.123961,42.119688
DCO_BRZ,DCO_BRZ_Bv4v5--Serp_LC_BB03_Bv4v5,FALSE,v4v5,Bacteria,FALSE,"marine benthic","marine hydrothermal vent","biofilm material",30.124358,42.119149
DCO_BRZ,DCO_BRZ_Bv4v5--Serp_LC_BB10,FALSE,v4v5,Bacteria,FALSE,"marine benthic","marine hydrothermal vent","biofilm material",30.123357,42.1206
DCO_BRZ,DCO_BRZ_Bv4v5--Serp_LC_BB10_Bv4v5,FALSE,v4v5,Bacteria,FALSE,"marine benthic","marine hydrothermal vent","biofilm material",30.123357,42.1206
DCO_BRZ,DCO_BRZ_Bv4v5--Serp_LC_BB12,FALSE,v4v5,Bacteria,FALSE,"marine benthic","marine hydrothermal vent","biofilm material",30.123871,42.120517
DCO_BRZ,DCO_BRZ_Bv4v5--Serp_LC_BB13,FALSE,v4v5,Bacteria,FALSE,"marine benthic","marine hydrothermal vent","biofilm material",30.123934,42.120154
DCO_BRZ,DCO_BRZ_Bv4v5--Serp_LC_BB14,FALSE,v4v5,Bacteria,FALSE,"marine benthic","marine hydrothermal vent","biofilm material",30.124259,42.118724
DCO_BRZ,DCO_BRZ_Bv4v5--Serp_LC_BB15,FALSE,v4v5,Bacteria,FALSE,"marine benthic","marine hydrothermal vent","biofilm material",30.124286,42.119138
DCO_BRZ,DCO_BRZ_Bv4v5--Serp_LC_BB16,FALSE,v4v5,Bacteria,FALSE,"marine benthic","marine hydrothermal vent","biofilm material",30.124286,42.119138
DCO_BRZ,DCO_BRZ_Bv4v5--Serp_LC_BB17,FALSE,v4v5,Bacteria,FALSE,"marine benthic","marine hydrothermal vent","biofilm material",30.124178,42.119698
DCO_BRZ,DCO_BRZ_Bv4v5--Serp_LC_BB18_Bv4v5,FALSE,v4v5,Bacteria,FALSE,"marine benthic","marine hydrothermal vent","biofilm material",30.124178,42.119698
DCO_BRZ,DCO_BRZ_Bv4v5--Serp_LC_BB20,FALSE,v4v5,Bacteria,FALSE,"marine benthic","marine hydrothermal vent","biofilm material",30.123934,42.120154
DCO_BRZ,DCO_BRZ_Bv4v5--Serp_LC_BB21,FALSE,v4v5,Bacteria,FALSE,"marine benthic","marine hydrothermal vent","biofilm material",30.123934,42.120154
DCO_BRZ,DCO_BRZ_Bv4v5--Serp_LC_BB22,FALSE,v4v5,Bacteria,FALSE,"marine benthic","marine hydrothermal vent","biofilm material",30.123934,42.120154
DCO_BRZ,DCO_BRZ_Bv4v5--Serp_LC_BB25,FALSE,v4v5,Bacteria,FALSE,"marine benthic","marine hydrothermal vent","biofilm material",30.123934,42.120154
DCO_BRZ,DCO_BRZ_Bv4v5--Serp_LC_BB27_Bv4v5,FALSE,v4v5,Bacteria,FALSE,"marine benthic","marine hydrothermal vent","biofilm material",30.123934,42.120154
DCO_BRZ,DCO_BRZ_Bv4v5--Serp_LC_BB28_Bv4v5,FALSE,v4v5,Bacteria,FALSE,"marine benthic","marine hydrothermal vent","biofilm material",30.123826,42.120621
DCO_BRZ,DCO_BRZ_Bv4v5--Serp_LC_BB31,FALSE,v4v5,Bacteria,FALSE,"marine benthic","marine hydrothermal vent","biofilm material",30.12397,42.120113
DCO_BRZ,DCO_BRZ_Bv4v5--Serp_LC_BB32,FALSE,v4v5,Bacteria,FALSE,"marine benthic","marine hydrothermal vent","biofilm material",30.123492,42.118506
DCO_BRZ,DCO_BRZ_Bv4v5--Serp_LC_BB33,FALSE,v4v5,Bacteria,FALSE,"marine benthic","marine hydrothermal vent","biofilm material",30.123492,42.120538
DCO_BRZ,DCO_BRZ_Bv4v5--Serp_LC_BB35,FALSE,v4v5,Bacteria,FALSE,"marine benthic","marine hydrothermal vent","biofilm material",30.124755,42.119024
DCO_BRZ,DCO_BRZ_Bv4v5--Serp_LC_BB36,FALSE,v4v5,Bacteria,FALSE,"marine benthic","marine hydrothermal vent","biofilm material",30.123961,42.119688
DCO_BRZ,DCO_BRZ_Bv4v5--Serp_LC_BB37,FALSE,v4v5,Bacteria,FALSE,"marine benthic","marine hydrothermal vent","biofilm material",30.124782,42.11863
DCO_BRZ,DCO_BRZ_Bv4v5--Serp_LC_BB4,FALSE,v4v5,Bacteria,FALSE,"marine benthic","marine hydrothermal vent","biofilm material",30.124069,42.120019
DCO_BRZ,DCO_BRZ_Bv4v5--Serp_LC_BB40,FALSE,v4v5,Bacteria,FALSE,"marine benthic","marine hydrothermal vent","biofilm material",30.12406,42.119107
DCO_BRZ,DCO_BRZ_Bv4v5--Serp_LC_BB41,FALSE,v4v5,Bacteria,FALSE,"marine benthic","marine hydrothermal vent","biofilm material",30.123492,42.118506
DCO_BRZ,DCO_BRZ_Bv4v5--Serp_LC_BB43,FALSE,v4v5,Bacteria,FALSE,"marine benthic","marine hydrothermal vent","biofilm material",30.123492,42.118506
DCO_BRZ,DCO_BRZ_Bv4v5--Serp_LC_BB46,FALSE,v4v5,Bacteria,FALSE,"marine benthic","marine hydrothermal vent","biofilm material",30.123492,42.118506
DCO_BRZ,DCO_BRZ_Bv4v5--Serp_LC_BB49,FALSE,v4v5,Bacteria,FALSE,"marine benthic","marine hydrothermal vent","biofilm material",30.123465,42.120082
DCO_BRZ,DCO_BRZ_Bv4v5--Serp_LC_BB6,FALSE,v4v5,Bacteria,FALSE,"marine benthic","marine hydrothermal vent","biofilm material",30.123889,42.120061
DCO_BRZ,DCO_BRZ_Bv4v5--Serp_LC_BB7,FALSE,v4v5,Bacteria,FALSE,"marine benthic","marine hydrothermal vent","biofilm material",30.124078,42.119325
DCO_BRZ,DCO_BRZ_Bv4v5--Serp_LC_BB8,FALSE,v4v5,Bacteria,FALSE,"marine benthic","marine hydrothermal vent","biofilm material",30.123997,42.118962
DCO_BRZ,DCO_BRZ_Bv4v5--Serp_LC_BB9,FALSE,v4v5,Bacteria,FALSE,"marine benthic","marine hydrothermal vent","biofilm material",30.125314,42.118869
DCO_BRZ,DCO_BRZ_Bv4v5--Serp_LC_H08_1_3_Bv4v5,FALSE,v4v5,Bacteria,FALSE,"marine benthic","marine hydrothermal vent","biofilm material",30.124051,42.119532
DCO_BRZ,DCO_BRZ_Bv4v5--Serp_LC_HO8_2_2_Bv4v5,FALSE,v4v5,Bacteria,FALSE,"marine benthic","marine hydrothermal vent","biofilm material",30.124051,42.119532
DCO_BRZ,DCO_BRZ_Bv4v5--Serp_LC_HO8_3_2_Bv4v5,FALSE,v4v5,Bacteria,FALSE,"marine benthic","marine hydrothermal vent","biofilm material",30.124051,42.119532
DCO_BRZ,DCO_BRZ_Bv4v5--Serp_LIG_BR2_back1_Jun12_Bv4v5,FALSE,v4v5,Bacteria,FALSE,"montane shrubland","alkaline habitat","ground water",44.4512,8.782
DCO_BRZ,DCO_BRZ_Bv4v5--Serp_LIG_BR2_back2_Jun12_Bv4v5,FALSE,v4v5,Bacteria,FALSE,"montane shrubland","alkaline habitat","ground water",44.4512,8.782
DCO_BRZ,DCO_BRZ_Bv4v5--Serp_LIG_GOR1_11_65_Oct11_A2_Bv4v5,FALSE,v4v5,Bacteria,FALSE,"montane shrubland","alkaline habitat","ground water",44.597,8.7833
DCO_BRZ,DCO_BRZ_Bv4v5--Serp_LIG_Gor_upA_Jul12_Bv4v5,FALSE,v4v5,Bacteria,FALSE,"montane shrubland","alkaline habitat","ground water",44.597,8.7833
DCO_BRZ,DCO_BRZ_Bv4v5--Serp_LIG_Gor_upB_Jul12_Bv4v5,FALSE,v4v5,Bacteria,FALSE,"montane shrubland","alkaline habitat","ground water",44.597,8.7833
DCO_BRZ,DCO_BRZ_Bv4v5--Serp_LIG_L43_upstream_Oct11_Bv4v5,FALSE,v4v5,Bacteria,FALSE,"montane shrubland","alkaline habitat","ground water",44.4584,8.7688
DCO_BRZ,DCO_BRZ_Bv4v5--Serp_LIG_LER20_11_117_Oct11_A2_Bv4v5,FALSE,v4v5,Bacteria,FALSE,"montane shrubland","alkaline habitat","ground water",44.4214,8.6564
DCO_BRZ,DCO_BRZ_Bv4v5--Serp_LIG_LER20_LS11_127_Oct11,FALSE,v4v5,Bacteria,FALSE,"montane shrubland","alkaline habitat","ground water",44.4214,8.6564
DCO_BRZ,DCO_BRZ_Bv4v5--Serp_LIG_LER20_lipids2011_Bv4v5,FALSE,v4v5,Bacteria,FALSE,"montane shrubland","alkaline habitat","ground water",44.4214,8.6564
DCO_BRZ,DCO_BRZ_Bv4v5--Serp_LIG_PIO14_11_83_Oct11_A2_Bv4v5,FALSE,v4v5,Bacteria,FALSE,"montane shrubland","alkaline habitat","ground water",44.5972,8.7294
DCO_BRZ,DCO_BRZ_Bv4v5--Serp_Lig_GOR1AB_2013,FALSE,v4v5,Bacteria,FALSE,"montane shrubland","alkaline habitat","ground water",44.597,8.7833
DCO_BRZ,DCO_BRZ_Bv4v5--Serp_Lig_GOR1CDEF_2013,FALSE,v4v5,Bacteria,FALSE,"montane shrubland","alkaline habitat","ground water",44.597,8.7833
DCO_BRZ,DCO_BRZ_Bv4v5--Serp_Lig_GORupA_2013,FALSE,v4v5,Bacteria,FALSE,"montane shrubland","alkaline habitat","ground water",44.597,8.7833
DCO_BRZ,DCO_BRZ_Bv4v5--Serp_Lig_GORupB_2013,FALSE,v4v5,Bacteria,FALSE,"montane shrubland","alkaline habitat","ground water",44.597,8.7833
DCO_BRZ,DCO_BRZ_Bv4v5--Serp_TL_WHC2A_DNA3_Jun11_Bv4v5,FALSE,v4v5,Bacteria,FALSE,"montane shrubland","alkaline habitat","ground water",49.4653,-57.95763
DCO_BRZ,DCO_BRZ_Bv4v5--Serp_TL_WHC2B_Aug10,FALSE,v4v5,Bacteria,FALSE,"montane shrubland","alkaline habitat","ground water",49.4653,-57.95763
DCO_BRZ,DCO_BRZ_Bv4v5--Serp_TL_WHC2C_DNA2_Jun11_Bv4v5,FALSE,v4v5,Bacteria,FALSE,"montane shrubland","alkaline habitat","ground water",49.4653,-57.95763
DCO_BRZ,DCO_BRZ_Bv4v5--Serp_TL_WHC75_DNA2_Jun11_Bv4v5,FALSE,v4v5,Bacteria,FALSE,"montane shrubland","alkaline habitat","ground water",49.4648,-57.9584
DCO_BKR,DCO_BKR_Av4v5--Aar_59E_25H2,FALSE,v4v5,Archaea,FALSE,"marine biome",borehole,sediment,55.004821,10.108177
DCO_BKR,DCO_BKR_Av4v5--Knox_60B_10H2,FALSE,v4v5,Archaea,FALSE,"marine biome",borehole,sediment,56.620161,11.670677
DCO_BKR,DCO_BKR_Av4v5--Knox_63E_6H2,FALSE,v4v5,Archaea,FALSE,"marine biome",borehole,sediment,58.622326,18.254166
DCO_BKR,DCO_BKR_Av4v5--Knox_65C_7H2,FALSE,v4v5,Archaea,FALSE,"marine biome",borehole,sediment,55.463252,15.474324
DCO_BKR,DCO_BKR_Bv4v5--Aar_59E_13H2,FALSE,v4v5,Bacteria,FALSE,"marine biome",borehole,sediment,55.004821,10.108177
DCO_BKR,DCO_BKR_Bv4v5--Aar_59E_21H2,FALSE,v4v5,Bacteria,FALSE,"marine biome",borehole,sediment,55.004821,10.108177
DCO_BKR,DCO_BKR_Bv4v5--Aar_65C_4H2,FALSE,v4v5,Bacteria,FALSE,"marine biome",borehole,sediment,55.463252,15.474324
DCO_BKR,DCO_BKR_Bv4v5--Knox_60B_10H2,FALSE,v4v5,Bacteria,FALSE,"marine biome",borehole,sediment,56.620161,11.670677
DCO_BKR,DCO_BKR_Bv4v5--Knox_60B_28H2,FALSE,v4v5,Bacteria,FALSE,"marine biome",borehole,sediment,56.620161,11.670677
DCO_BKR,DCO_BKR_Bv4v5--Knox_63E_24H2,FALSE,v4v5,Bacteria,FALSE,"marine biome",borehole,sediment,58.622326,18.254166
DCO_BKR,DCO_BKR_Bv4v5--Knox_63E_6H2,FALSE,v4v5,Bacteria,FALSE,"marine biome",borehole,sediment,58.622326,18.254166
DCO_BOM,DCO_BOM_Av6--OL_KR13_360m,FALSE,v6,Archaea,FALSE,"terrestrial biome",borehole,water,61.24,21.44
DCO_BOM,DCO_BOM_Av6--OL_KR1_609m,FALSE,v6,Archaea,FALSE,"terrestrial biome",borehole,water,61.24,21.44
DCO_BOM,DCO_BOM_Av6--OL_KR23_424m,FALSE,v6,Archaea,FALSE,"terrestrial biome",borehole,water,61.24,21.44
DCO_BOM,DCO_BOM_Av6--OL_KR29_801m,FALSE,v6,Archaea,FALSE,"terrestrial biome",borehole,water,61.24,21.44
DCO_BOM,DCO_BOM_Av6--OL_KR2_596m,FALSE,v6,Archaea,FALSE,"terrestrial biome",borehole,water,61.24,21.44
DCO_BOM,DCO_BOM_Av6--OL_KR3_380m,FALSE,v6,Archaea,FALSE,"terrestrial biome",borehole,water,61.24,21.44
DCO_BOM,DCO_BOM_Av6--OL_KR44_775m,FALSE,v6,Archaea,FALSE,"terrestrial biome",borehole,water,61.24,21.44
DCO_BOM,DCO_BOM_Av6--OL_KR49_532m,FALSE,v6,Archaea,FALSE,"terrestrial biome",borehole,water,61.24,21.44
DCO_BOM,DCO_BOM_Av6--OL_KR5_457m,FALSE,v6,Archaea,FALSE,"terrestrial biome",borehole,water,61.24,21.44
DCO_BOM,DCO_BOM_Av6--OL_KR6_422m,FALSE,v6,Archaea,FALSE,"terrestrial biome",borehole,water,61.24,21.44
DCO_BOM,DCO_BOM_Av6--OL_KR9_468m,FALSE,v6,Archaea,FALSE,"terrestrial biome",borehole,water,61.24,21.44
DCO_BOM,DCO_BOM_Av6--OL_KR9_564m,FALSE,v6,Archaea,FALSE,"terrestrial biome",borehole,water,61.24,21.44
DCO_BOM,DCO_BOM_Bv6--OL_KR13_360m,FALSE,v6,Bacteria,FALSE,"terrestrial biome",borehole,water,61.24,21.44
DCO_BOM,DCO_BOM_Bv6--OL_KR1_609m,FALSE,v6,Bacteria,FALSE,"terrestrial biome",borehole,water,61.24,21.44
DCO_BOM,DCO_BOM_Bv6--OL_KR23_424m,FALSE,v6,Bacteria,FALSE,"terrestrial biome",borehole,water,61.24,21.44
DCO_BOM,DCO_BOM_Bv6--OL_KR29_801m,FALSE,v6,Bacteria,FALSE,"terrestrial biome",borehole,water,61.24,21.44
DCO_BOM,DCO_BOM_Bv6--OL_KR2_596m,FALSE,v6,Bacteria,FALSE,"terrestrial biome",borehole,water,61.24,21.44
DCO_BOM,DCO_BOM_Bv6--OL_KR3_380m,FALSE,v6,Bacteria,FALSE,"terrestrial biome",borehole,water,61.24,21.44
DCO_BOM,DCO_BOM_Bv6--OL_KR44_775m,FALSE,v6,Bacteria,FALSE,"terrestrial biome",borehole,water,61.24,21.44
DCO_BOM,DCO_BOM_Bv6--OL_KR49_532m,FALSE,v6,Bacteria,FALSE,"terrestrial biome",borehole,water,61.24,21.44
DCO_BOM,DCO_BOM_Bv6--OL_KR5_457m,FALSE,v6,Bacteria,FALSE,"terrestrial biome",borehole,water,61.24,21.44
DCO_BOM,DCO_BOM_Bv6--OL_KR6_422m,FALSE,v6,Bacteria,FALSE,"terrestrial biome",borehole,water,61.24,21.44
DCO_BOM,DCO_BOM_Bv6--OL_KR9_468m,FALSE,v6,Bacteria,FALSE,"terrestrial biome",borehole,water,61.24,21.44
DCO_BOM,DCO_BOM_Bv6--OL_KR9_564m,FALSE,v6,Bacteria,FALSE,"terrestrial biome",borehole,water,61.24,21.44
DCO_BRA,DCO_BRA_Av6--IODP_331_Site_C14B_1_1,FALSE,v6,Archaea,FALSE,"marine biome","hydrothermal vent",sediment,27.790218,126.900747
DCO_BRA,DCO_BRA_Av6--IODP_331_Site_C14B_1_2,FALSE,v6,Archaea,FALSE,"marine biome","hydrothermal vent",sediment,27.790218,126.900747
DCO_BRA,DCO_BRA_Av6--IODP_331_Site_C14B_1_3,FALSE,v6,Archaea,FALSE,"marine biome","hydrothermal vent",sediment,27.790218,126.900747
DCO_BRA,DCO_BRA_Av6--IODP_331_Site_C14B_1_4,FALSE,v6,Archaea,FALSE,"marine biome","hydrothermal vent",sediment,27.790218,126.900747
DCO_BRA,DCO_BRA_Av6--IODP_331_Site_C14B_2_10,FALSE,v6,Archaea,FALSE,"marine biome","hydrothermal vent",sediment,27.790218,126.900747
DCO_BRA,DCO_BRA_Av6--IODP_331_Site_C14B_2_3,FALSE,v6,Archaea,FALSE,"marine biome","hydrothermal vent",sediment,27.790218,126.900747
DCO_BRA,DCO_BRA_Av6--IODP_331_Site_C14D_1_1,FALSE,v6,Archaea,FALSE,"marine biome","hydrothermal vent",sediment,27.79026,126.900677
DCO_BRA,DCO_BRA_Av6--IODP_331_Site_C14D_1_3,FALSE,v6,Archaea,FALSE,"marine biome","hydrothermal vent",sediment,27.79026,126.900677
DCO_BRA,DCO_BRA_Av6--IODP_331_Site_C14D_1_4,FALSE,v6,Archaea,FALSE,"marine biome","hydrothermal vent",sediment,27.79026,126.900677
DCO_BRA,DCO_BRA_Av6--IODP_331_Site_C14D_2_1,FALSE,v6,Archaea,FALSE,"marine biome","hydrothermal vent",sediment,27.79026,126.900677
DCO_BRA,DCO_BRA_Av6--IODP_331_Site_C14D_2_2,FALSE,v6,Archaea,FALSE,"marine biome","hydrothermal vent",sediment,27.79026,126.900677
DCO_BRA,DCO_BRA_Av6--IODP_331_Site_C14D_2_3,FALSE,v6,Archaea,FALSE,"marine biome","hydrothermal vent",sediment,27.79026,126.900677
DCO_BRA,DCO_BRA_Bv6--IODP_331_Site_C14B_1_1,FALSE,v6,Bacteria,FALSE,"marine biome","hydrothermal vent",sediment,27.790218,126.900747
DCO_BRA,DCO_BRA_Bv6--IODP_331_Site_C14B_1_2,FALSE,v6,Bacteria,FALSE,"marine biome","hydrothermal vent",sediment,27.790218,126.900747
DCO_BRA,DCO_BRA_Bv6--IODP_331_Site_C14B_1_3,FALSE,v6,Bacteria,FALSE,"marine biome","hydrothermal vent",sediment,27.790218,126.900747
DCO_BRA,DCO_BRA_Bv6--IODP_331_Site_C14B_1_4,FALSE,v6,Bacteria,FALSE,"marine biome","hydrothermal vent",sediment,27.790218,126.900747
DCO_BRA,DCO_BRA_Bv6--IODP_331_Site_C14B_2_10,FALSE,v6,Bacteria,FALSE,"marine biome","hydrothermal vent",sediment,27.790218,126.900747
DCO_BRA,DCO_BRA_Bv6--IODP_331_Site_C14B_2_3,FALSE,v6,Bacteria,FALSE,"marine biome","hydrothermal vent",sediment,27.790218,126.900747
DCO_BRA,DCO_BRA_Bv6--IODP_331_Site_C14D_1_1,FALSE,v6,Bacteria,FALSE,"marine biome","hydrothermal vent",sediment,27.79026,126.900677
DCO_BRA,DCO_BRA_Bv6--IODP_331_Site_C14D_1_3,FALSE,v6,Bacteria,FALSE,"marine biome","hydrothermal vent",sediment,27.79026,126.900677
DCO_BRA,DCO_BRA_Bv6--IODP_331_Site_C14D_1_4,FALSE,v6,Bacteria,FALSE,"marine biome","hydrothermal vent",sediment,27.79026,126.900677
DCO_BRA,DCO_BRA_Bv6--IODP_331_Site_C14D_2_1,FALSE,v6,Bacteria,FALSE,"marine biome","hydrothermal vent",sediment,27.79026,126.900677
DCO_BRA,DCO_BRA_Bv6--IODP_331_Site_C14D_2_2,FALSE,v6,Bacteria,FALSE,"marine biome","hydrothermal vent",sediment,27.79026,126.900677
DCO_BRA,DCO_BRA_Bv6--IODP_331_Site_C14D_2_3,FALSE,v6,Bacteria,FALSE,"marine biome","hydrothermal vent",sediment,27.79026,126.900677
DCO_BRG,DCO_BRG_Av6v4--Site17A_447mbsf,FALSE,v6v4,Archaea,FALSE,"marine biome",borehole,sediment,11.2811,93.1
DCO_BRG,DCO_BRG_Av6v4--Site17A_456mbsf_Av6v,FALSE,v6v4,Archaea,FALSE,"marine biome",borehole,sediment,11.2811,93.1
DCO_BRG,DCO_BRG_Bv6v4--Site17A_178mbsf,FALSE,v6v4,Bacteria,FALSE,"marine biome",borehole,sediment,11.2811,93.1
DCO_BRG,DCO_BRG_Bv6v4--Site17A_21mbsf,FALSE,v6v4,Bacteria,FALSE,"marine biome",borehole,sediment,11.2811,93.1
DCO_BRG,DCO_BRG_Bv6v4--Site17A_226mbsf,FALSE,v6v4,Bacteria,FALSE,"marine biome",borehole,sediment,11.2811,93.1
DCO_BRG,DCO_BRG_Bv6v4--Site17A_264mbsf,FALSE,v6v4,Bacteria,FALSE,"marine biome",borehole,sediment,11.2811,93.1
DCO_BRG,DCO_BRG_Bv6v4--Site17A_322mbsf,FALSE,v6v4,Bacteria,FALSE,"marine biome",borehole,sediment,11.2811,93.1
DCO_BRG,DCO_BRG_Bv6v4--Site17A_322mbsf_MDA,FALSE,v6v4,Bacteria,FALSE,"marine biome",borehole,sediment,11.2811,93.1
DCO_BRG,DCO_BRG_Bv6v4--Site17A_40mbsf,FALSE,v6v4,Bacteria,FALSE,"marine biome",borehole,sediment,11.2811,93.1
DCO_BRG,DCO_BRG_Bv6v4--Site17A_419mbsf,FALSE,v6v4,Bacteria,FALSE,"marine biome",borehole,sediment,11.2811,93.1
DCO_BRG,DCO_BRG_Bv6v4--Site17A_447mbsf,FALSE,v6v4,Bacteria,FALSE,"marine biome",borehole,sediment,11.2811,93.1
DCO_BRG,DCO_BRG_Bv6v4--Site17A_456mbsf,FALSE,v6v4,Bacteria,FALSE,"marine biome",borehole,sediment,11.2811,93.1
DCO_BRG,DCO_BRG_Bv6v4--Site17A_554mbsf,FALSE,v6v4,Bacteria,FALSE,"marine biome",borehole,sediment,11.2811,93.1
DCO_BRG,DCO_BRG_Bv6v4--Site17A_588mbsf,FALSE,v6v4,Bacteria,FALSE,"marine biome",borehole,sediment,11.2811,93.1
DCO_BRG,DCO_BRG_Bv6v4--Site17A_589mbsf,FALSE,v6v4,Bacteria,FALSE,"marine biome",borehole,sediment,11.2811,93.1
DCO_BRG,DCO_BRG_Bv6v4--Site17A_684mbsf,FALSE,v6v4,Bacteria,FALSE,"marine biome",borehole,sediment,11.2811,93.1
DCO_CMT,DCO_CMT_Av6--Challenger_Middle_Pond_ThreeMicron,FALSE,v6,Archaea,FALSE,"marine biome",trench,water,11.36902,142.43
DCO_CMT,DCO_CMT_Av6--Challenger_Middle_Pond_ZeroPointOneMicron,FALSE,v6,Archaea,FALSE,"marine biome",trench,water,11.37,142.43
DCO_CMT,DCO_CMT_Av6--Challenger_Middle_Pond_ZeroPointTwoMicron,FALSE,v6,Archaea,FALSE,"marine biome",trench,water,11.37,142.43
DCO_CMT,DCO_CMT_Av6--Challenger_West_Pond_ThreeMicron,FALSE,v6,Archaea,FALSE,"marine biome",trench,water,11.34,142.2
DCO_CMT,DCO_CMT_Av6--Challenger_West_Pond_ZeroPointOneMicron,FALSE,v6,Archaea,FALSE,"marine biome",trench,water,11.34,142.2
DCO_CMT,DCO_CMT_Av6--Challenger_West_Pond_ZeroPointTwoMicron,FALSE,v6,Archaea,FALSE,"marine biome",trench,water,11.34,142.2
DCO_CMT,DCO_CMT_Av6--Sirena_Deep_ThreeMicron,FALSE,v6,Archaea,FALSE,"marine biome",trench,water,12.04,144.35
DCO_CMT,DCO_CMT_Av6--Sirena_Deep_ZeroPointOneMicron,FALSE,v6,Archaea,FALSE,"marine biome",trench,water,12.04,144.35
DCO_CMT,DCO_CMT_Av6--Sirena_Deep_ZeroPointTwoMicron,FALSE,v6,Archaea,FALSE,"marine biome",trench,water,12.04,144.35
DCO_CMT,DCO_CMT_Av6--Ulithi_ThreeMicron,FALSE,v6,Archaea,FALSE,"marine biome",trench,water,10.01,139.75
DCO_CMT,DCO_CMT_Av6--Ulithi_ZeroPointOneMicron,FALSE,v6,Archaea,FALSE,"marine biome",trench,water,10.01,139.75
DCO_CMT,DCO_CMT_Av6--Ulithi_ZeroPointTwoMicron,FALSE,v6,Archaea,FALSE,"marine biome",trench,water,10.01,139.75
DCO_CMT,DCO_CMT_Bv6--Challenger_Middle_Pond_ThreeMicron,FALSE,v6,Bacteria,FALSE,"marine biome",trench,water,11.36902,142.43
DCO_CMT,DCO_CMT_Bv6--Challenger_Middle_Pond_ZeroPointOneMicron,FALSE,v6,Bacteria,FALSE,"marine biome",trench,water,11.37,142.43
DCO_CMT,DCO_CMT_Bv6--Challenger_Middle_Pond_ZeroPointTwoMicron,FALSE,v6,Bacteria,FALSE,"marine biome",trench,water,11.37,142.43
DCO_CMT,DCO_CMT_Bv6--Challenger_West_Pond_ThreeMicron,FALSE,v6,Bacteria,FALSE,"marine biome",trench,water,11.34,142.2
DCO_CMT,DCO_CMT_Bv6--Challenger_West_Pond_ZeroPointOneMicron,FALSE,v6,Bacteria,FALSE,"marine biome",trench,water,11.34,142.2
DCO_CMT,DCO_CMT_Bv6--Challenger_West_Pond_ZeroPointTwoMicron,FALSE,v6,Bacteria,FALSE,"marine biome",trench,water,11.34,142.2
DCO_CMT,DCO_CMT_Bv6--Sirena_Deep_ThreeMicron,FALSE,v6,Bacteria,FALSE,"marine biome",trench,water,12.04,144.35
DCO_CMT,DCO_CMT_Bv6--Sirena_Deep_ZeroPointOneMicron,FALSE,v6,Bacteria,FALSE,"marine biome",trench,water,12.04,144.35
DCO_CMT,DCO_CMT_Bv6--Sirena_Deep_ZeroPointTwoMicron,FALSE,v6,Bacteria,FALSE,"marine biome",trench,water,12.04,144.35
DCO_CMT,DCO_CMT_Bv6--Ulithi_ThreeMicron,FALSE,v6,Bacteria,FALSE,"marine biome",trench,water,10.01,139.75
DCO_CMT,DCO_CMT_Bv6--Ulithi_ZeroPointOneMicron,FALSE,v6,Bacteria,FALSE,"marine biome",trench,water,10.01,139.75
DCO_CMT,DCO_CMT_Bv6--Ulithi_ZeroPointTwoMicron,FALSE,v6,Bacteria,FALSE,"marine biome",trench,water,10.01,139.75
DCO_DAL,DCO_DAL_Bv4v5--AgiaParaskevi,FALSE,v4v5,Bacteria,FALSE,terrestrial,"hydrothermal vent",water,39.924,23.59
DCO_DAL,DCO_DAL_Bv4v5--Alexandria,FALSE,v4v5,Bacteria,FALSE,terrestrial,"hydrothermal vent",water,40.667,22.424
DCO_DAL,DCO_DAL_Bv4v5--Giotrisi,FALSE,v4v5,Bacteria,FALSE,terrestrial,"hydrothermal vent",water,40.497,25.603
DCO_DAL,DCO_DAL_Bv4v5--Kabasilon,FALSE,v4v5,Bacteria,FALSE,terrestrial,"hydrothermal vent",water,40.105,20.707
DCO_DAL,DCO_DAL_Bv4v5--Mesochori3,FALSE,v4v5,Bacteria,FALSE,terrestrial,"hydrothermal vent",water,40.891,21.532
DCO_DAL,DCO_DAL_Bv4v5--NeaApollonia3,FALSE,v4v5,Bacteria,FALSE,terrestrial,"hydrothermal vent",water,40.657,23.415
DCO_DAL,DCO_DAL_Bv4v5--NeaKessani,FALSE,v4v5,Bacteria,FALSE,terrestrial,"hydrothermal vent",water,41.017,25.051
DCO_DAL,DCO_DAL_Bv4v5--NeoErasmio,FALSE,v4v5,Bacteria,FALSE,terrestrial,"hydrothermal vent",water,40.923,24.836
DCO_DAL,DCO_DAL_Bv4v5--Nymfopetra,FALSE,v4v5,Bacteria,FALSE,terrestrial,"hydrothermal vent",water,40.689,23.355
DCO_DAL,DCO_DAL_Bv4v5--Termopigi,FALSE,v4v5,Bacteria,FALSE,terrestrial,"hydrothermal vent",water,41.282,23.364
DCO_DAL,DCO_DAL_Bv4v5--Traianoupoli,FALSE,v4v5,Bacteria,FALSE,terrestrial,"hydrothermal vent",water,40.866,26.034
DCO_GAI,DCO_GAI_Bv3v5--S1,FALSE,v3v5,Bacteria,FALSE,"terrestrial biome",lake,water,64.49,-17.51
DCO_GAI,DCO_GAI_Bv3v5--S2,FALSE,v3v5,Bacteria,FALSE,"terrestrial biome",lake,water,64.49,-17.51
DCO_GAI,DCO_GAI_Bv3v5--S3,FALSE,v3v5,Bacteria,FALSE,"terrestrial biome",lake,water,64.49,-17.51
DCO_GAI,DCO_GAI_Bv3v5--S4,FALSE,v3v5,Bacteria,FALSE,"terrestrial biome",lake,water,64.88,-17.50915
DCO_GAI,DCO_GAI_Bv3v5--S5,FALSE,v3v5,Bacteria,FALSE,"terrestrial biome",lake,water,64.88,-17.50915
DCO_GAI,DCO_GAI_Bv3v5--S6,FALSE,v3v5,Bacteria,FALSE,"terrestrial biome",lake,water,64.88,-17.50915
DCO_GAI,DCO_GAI_Bv3v5--S7,FALSE,v3v5,Bacteria,FALSE,"terrestrial biome",lake,water,64.88,-17.50915
DCO_GAI,DCO_GAI_Bv3v5--Sk_hlaup,FALSE,v3v5,Bacteria,FALSE,"terrestrial biome",lake,water,64.26,-18.14
DCO_GAI,DCO_GAI_Bv6v4--S1,FALSE,v6v4,Bacteria,FALSE,"terrestrial biome",lake,water,64.49,-17.51
DCO_GAI,DCO_GAI_Bv6v4--S2,FALSE,v6v4,Bacteria,FALSE,"terrestrial biome",lake,water,64.49,-17.51
DCO_GAI,DCO_GAI_Bv6v4--S3,FALSE,v6v4,Bacteria,FALSE,"terrestrial biome",lake,water,64.49,-17.51
DCO_GAI,DCO_GAI_Bv6v4--S4,FALSE,v6v4,Bacteria,FALSE,"terrestrial biome",lake,water,64.88,-17.50915
DCO_GAI,DCO_GAI_Bv6v4--S5,FALSE,v6v4,Bacteria,FALSE,"terrestrial biome",lake,water,64.88,-17.50915
DCO_GAI,DCO_GAI_Bv6v4--S6,FALSE,v6v4,Bacteria,FALSE,"terrestrial biome",lake,water,64.88,-17.50915
DCO_GAI,DCO_GAI_Bv6v4--S7,FALSE,v6v4,Bacteria,FALSE,"terrestrial biome",lake,water,64.88,-17.50915
DCO_GAI,DCO_GAI_Bv6v4--Sk_hlaup,FALSE,v6v4,Bacteria,FALSE,"terrestrial biome",lake,water,64.26,-18.14
DCO_GMSB,DCO_GMSB_Av4v5--P10_2,FALSE,v4v5,Archaea,FALSE,"marine biome",borehole,sediment,27.3,-111.42
DCO_GMSB,DCO_GMSB_Av4v5--P10_4,FALSE,v4v5,Archaea,FALSE,"marine biome",borehole,sediment,27.3,-111.42
DCO_GMSB,DCO_GMSB_Av4v5--P11_2,FALSE,v4v5,Archaea,FALSE,"marine biome",borehole,sediment,27.3,-111.4
DCO_GMSB,DCO_GMSB_Av4v5--P11_5,FALSE,v4v5,Archaea,FALSE,"marine biome",borehole,sediment,27.3,-111.4
DCO_GMSB,DCO_GMSB_Av4v5--P12_4,FALSE,v4v5,Archaea,FALSE,"marine biome",borehole,sediment,27.52,-111.41
DCO_GMSB,DCO_GMSB_Av4v5--P13_4,FALSE,v4v5,Archaea,FALSE,"marine biome",borehole,sediment,27.12,-111.13
DCO_GMSB,DCO_GMSB_Av4v5--P3_4,FALSE,v4v5,Archaea,FALSE,"marine biome",borehole,sediment,27.37,-111.52
DCO_GMSB,DCO_GMSB_Av4v5--P4_3,FALSE,v4v5,Archaea,FALSE,"marine biome",borehole,sediment,27.38,-111.53
DCO_GMSB,DCO_GMSB_Av4v5--P6_3,FALSE,v4v5,Archaea,FALSE,"marine biome",borehole,sediment,27.38,-111.36
DCO_GMSB,DCO_GMSB_Av4v5--P6_4,FALSE,v4v5,Archaea,FALSE,"marine biome",borehole,sediment,27.38,-111.36
DCO_GMSB,DCO_GMSB_Bv4v5--P10_2,FALSE,v4v5,Bacteria,FALSE,"marine biome",borehole,sediment,27.3,-111.42
DCO_GMSB,DCO_GMSB_Bv4v5--P10_4,FALSE,v4v5,Bacteria,FALSE,"marine biome",borehole,sediment,27.3,-111.42
DCO_GMSB,DCO_GMSB_Bv4v5--P11_2,FALSE,v4v5,Bacteria,FALSE,"marine biome",borehole,sediment,27.3,-111.4
DCO_GMSB,DCO_GMSB_Bv4v5--P12_4,FALSE,v4v5,Bacteria,FALSE,"marine biome",borehole,sediment,27.52,-111.41
DCO_GMSB,DCO_GMSB_Bv4v5--P13_4,FALSE,v4v5,Bacteria,FALSE,"marine biome",borehole,sediment,27.12,-111.13
DCO_GMSB,DCO_GMSB_Bv4v5--P3_4,FALSE,v4v5,Bacteria,FALSE,"marine biome",borehole,sediment,27.37,-111.52
DCO_GMSB,DCO_GMSB_Bv4v5--P6_3,FALSE,v4v5,Bacteria,FALSE,"marine biome",borehole,sediment,27.38,-111.36
DCO_GMSB,DCO_GMSB_Bv4v5--P6_4,FALSE,v4v5,Bacteria,FALSE,"marine biome",borehole,sediment,27.38,-111.36
DCO_GRA,DCO_GRA_Bv6v4--920W2,FALSE,v6v4,Bacteria,FALSE,"terrestrial biome",mine,water,47.825,-92.252
DCO_GRA,DCO_GRA_Bv6v4--932W2,FALSE,v6v4,Bacteria,FALSE,"terrestrial biome",mine,water,47.825,-92.252
DCO_GRA,DCO_GRA_Bv6v4--942W14,FALSE,v6v4,Bacteria,FALSE,"terrestrial biome",mine,water,47.825,-92.252
DCO_GRA,DCO_GRA_Bv6v4--944W11,FALSE,v6v4,Bacteria,FALSE,"terrestrial biome",mine,water,47.825,-92.252
DCO_GRA,DCO_GRA_Bv6v4--951W11,FALSE,v6v4,Bacteria,FALSE,"terrestrial biome",mine,water,47.825,-92.252
DCO_GRA,DCO_GRA_Bv6v4--964W1,FALSE,v6v4,Bacteria,FALSE,"terrestrial biome",mine,water,47.825,-92.252
DCO_HIN,DCO_HIN_Av6v4--BS_15105_2_147_167,FALSE,v6v4,Archaea,FALSE,"marine biome",borehole,sediment,41.526,32.63
DCO_HIN,DCO_HIN_Av6v4--BS_15105_2_390_405,FALSE,v6v4,Archaea,FALSE,"marine biome",borehole,sediment,41.526,32.63
DCO_HIN,DCO_HIN_Av6v4--BS_15105_2_420_435,FALSE,v6v4,Archaea,FALSE,"marine biome",borehole,sediment,41.526,32.63
DCO_HIN,DCO_HIN_Av6v4--DB_15102_1_23_43,FALSE,v6v4,Archaea,FALSE,"marine biome",borehole,sediment,35.274,21.692
DCO_HIN,DCO_HIN_Av6v4--EM_15103_2_21_34,FALSE,v6v4,Archaea,FALSE,"marine biome",borehole,sediment,33.028,32.63
DCO_HIN,DCO_HIN_Av6v4--EM_15103_2_220_240,FALSE,v6v4,Archaea,FALSE,"marine biome",borehole,sediment,33.028,32.63
DCO_HIN,DCO_HIN_Av6v4--EM_15103_2_435_455,FALSE,v6v4,Archaea,FALSE,"marine biome",borehole,sediment,33.028,32.63
DCO_HIN,DCO_HIN_Bv6v4--BS_15105_2_147_167,FALSE,v6v4,Bacteria,FALSE,"marine biome",borehole,sediment,41.526,32.63
DCO_HIN,DCO_HIN_Bv6v4--BS_15105_2_390_405,FALSE,v6v4,Bacteria,FALSE,"marine biome",borehole,sediment,41.526,32.63
DCO_HIN,DCO_HIN_Bv6v4--BS_15105_2_420_435,FALSE,v6v4,Bacteria,FALSE,"marine biome",borehole,sediment,41.526,32.63
DCO_HIN,DCO_HIN_Bv6v4--DB_15102_1_23_43,FALSE,v6v4,Bacteria,FALSE,"marine biome",borehole,sediment,35.274,21.692
DCO_HIN,DCO_HIN_Bv6v4--EM_15103_2_21_34,FALSE,v6v4,Bacteria,FALSE,"marine biome",borehole,sediment,33.028,32.63
DCO_HIN,DCO_HIN_Bv6v4--EM_15103_2_220_240,FALSE,v6v4,Bacteria,FALSE,"marine biome",borehole,sediment,33.028,32.63
DCO_HIN,DCO_HIN_Bv6v4--EM_15103_2_435_455,FALSE,v6v4,Bacteria,FALSE,"marine biome",borehole,sediment,33.028,32.63
DCO_KLA,DCO_KLA_Av4v5--Cetus_summit_220,FALSE,v4v5,Archaea,FALSE,"marine biome",seep,sediment,37.88012,17.46227
DCO_KLA,DCO_KLA_Av4v5--Cetus_summit_40,FALSE,v4v5,Archaea,FALSE,"marine biome",seep,sediment,37.88012,17.46227
DCO_KLA,DCO_KLA_Av4v5--Venere_flow_150_m_from_summit_5,FALSE,v4v5,Archaea,FALSE,"marine biome",seep,sediment,38.60658,17.18934
DCO_KLA,DCO_KLA_Av4v5--Venere_flow_150_m_from_summit_60,FALSE,v4v5,Archaea,FALSE,"marine biome",seep,sediment,38.60655,17.18913
DCO_KLA,DCO_KLA_Av4v5--Venere_flow_80_m_from_summit_2,FALSE,v4v5,Archaea,FALSE,"marine biome",seep,sediment,38.6075,17.18804
DCO_KLA,DCO_KLA_Av4v5--Venere_flow_80_m_from_summit_267,FALSE,v4v5,Archaea,FALSE,"marine biome",seep,sediment,38.60747,17.18803
DCO_KLA,DCO_KLA_Av4v5--Venere_flow_80_m_from_summit_48,FALSE,v4v5,Archaea,FALSE,"marine biome",seep,sediment,38.60747,17.18803
DCO_KLA,DCO_KLA_Av4v5--Venere_summit_2,FALSE,v4v5,Archaea,FALSE,"marine biome",seep,sediment,38.60757,17.18708
DCO_KLA,DCO_KLA_Av4v5--Venere_summit_470,FALSE,v4v5,Archaea,FALSE,"marine biome",seep,sediment,38.60758,17.18705
DCO_KLA,DCO_KLA_Av4v5--Venere_summit_88,FALSE,v4v5,Archaea,FALSE,"marine biome",seep,sediment,38.60758,17.18705
DCO_KLA,DCO_KLA_Bv4v5--Venere_flow_150_m_from_summit_5,FALSE,v4v5,Bacteria,FALSE,"marine biome",seep,sediment,38.60658,17.18934
DCO_KLA,DCO_KLA_Bv4v5--Venere_flow_80_m_from_summit_2,FALSE,v4v5,Bacteria,FALSE,"marine biome",seep,sediment,38.6075,17.18804
DCO_KLA,DCO_KLA_Bv4v5--Venere_flow_80_m_from_summit_48,FALSE,v4v5,Bacteria,FALSE,"marine biome",seep,sediment,38.60747,17.18803
DCO_KLA,DCO_KLA_Bv4v5--Venere_summit_2,FALSE,v4v5,Bacteria,FALSE,"marine biome",seep,sediment,38.60757,17.18708
DCO_KLA,DCO_KLA_Bv4v5--Venere_summit_470,FALSE,v4v5,Bacteria,FALSE,"marine biome",seep,sediment,38.60758,17.18705
DCO_KLA,DCO_KLA_Bv4v5--Venere_summit_88,FALSE,v4v5,Bacteria,FALSE,"marine biome",seep,sediment,38.60758,17.18705
DCO_LAV,DCO_LAV_Av6v4--Wallulua_2009_213,FALSE,v6v4,Archaea,FALSE,"terrestrial biome",borehole,water,46.105324,-118.916359
DCO_LAV,DCO_LAV_Av6v4--Wallulua_2009_220,FALSE,v6v4,Archaea,FALSE,"terrestrial biome",borehole,water,46.105324,-118.916359
DCO_LAV,DCO_LAV_Av6v4--Wallulua_2009_31,FALSE,v6v4,Archaea,FALSE,"terrestrial biome",borehole,water,46.105324,-118.916359
DCO_LAV,DCO_LAV_Av6v4--Wallulua_2009_39,FALSE,v6v4,Archaea,FALSE,"terrestrial biome",borehole,water,46.105324,-118.916359
DCO_LAV,DCO_LAV_Av6v4--Wallulua_2009_413,FALSE,v6v4,Archaea,FALSE,"terrestrial biome",borehole,water,46.105324,-118.916359
DCO_LAV,DCO_LAV_Av6v4--Wallulua_2011_34,FALSE,v6v4,Archaea,FALSE,"terrestrial biome",borehole,water,46.105324,-118.916359
DCO_LAV,DCO_LAV_Bv6v4--Wallulua_2009_213,FALSE,v6v4,Bacteria,FALSE,"terrestrial biome",borehole,water,46.105324,-118.916359
DCO_LAV,DCO_LAV_Bv6v4--Wallulua_2009_220,FALSE,v6v4,Bacteria,FALSE,"terrestrial biome",borehole,water,46.105324,-118.916359
DCO_LAV,DCO_LAV_Bv6v4--Wallulua_2009_31,FALSE,v6v4,Bacteria,FALSE,"terrestrial biome",borehole,water,46.105324,-118.916359
DCO_LAV,DCO_LAV_Bv6v4--Wallulua_2009_39,FALSE,v6v4,Bacteria,FALSE,"terrestrial biome",borehole,water,46.105324,-118.916359
DCO_LAV,DCO_LAV_Bv6v4--Wallulua_2009_413,FALSE,v6v4,Bacteria,FALSE,"terrestrial biome",borehole,water,46.105324,-118.916359
DCO_LAV,DCO_LAV_Bv6v4--Wallulua_2011_34,FALSE,v6v4,Bacteria,FALSE,"terrestrial biome",borehole,water,46.1,-118.916359
DCO_LAZ,DCO_LAZ_Av4v5--PC1A,FALSE,v4v5,Archaea,FALSE,"marine biome","marine hydrothermal vent",sediment,9.078,87.096
DCO_LAZ,DCO_LAZ_Av4v5--PC1A_2,FALSE,v4v5,Archaea,FALSE,"marine hydrothermal vent","marine hydrothermal vent",sediment,9.078,87.096
DCO_LAZ,DCO_LAZ_Av4v5--PC2A,FALSE,v4v5,Archaea,FALSE,"marine biome","marine hydrothermal vent",sediment,9.081,87.094
DCO_LAZ,DCO_LAZ_Av4v5--PC2B,FALSE,v4v5,Archaea,FALSE,"marine biome","marine hydrothermal vent",sediment,9.081,87.093
DCO_LAZ,DCO_LAZ_Av4v5--PC2C,FALSE,v4v5,Archaea,FALSE,"marine biome","marine hydrothermal vent",sediment,9.081,87.093
DCO_LAZ,DCO_LAZ_Av4v5--PC2D,FALSE,v4v5,Archaea,FALSE,"marine biome","marine hydrothermal vent",sediment,9.077,87.091
DCO_LAZ,DCO_LAZ_Av4v5--PC3A,FALSE,v4v5,Archaea,FALSE,"marine biome","marine hydrothermal vent",sediment,9.089,87.1
DCO_LAZ,DCO_LAZ_Av4v5--PC3A_2,FALSE,v4v5,Archaea,FALSE,"marine hydrothermal vent","marine hydrothermal vent",sediment,9.089,87.1
DCO_LAZ,DCO_LAZ_Av4v5--PC3B,FALSE,v4v5,Archaea,FALSE,"marine biome","marine hydrothermal vent",sediment,9.089,87.1
DCO_LAZ,DCO_LAZ_Av4v5--PC3B_2,FALSE,v4v5,Archaea,FALSE,"marine hydrothermal vent","marine hydrothermal vent",sediment,9.089,87.1
DCO_LAZ,DCO_LAZ_Av4v5--PC3C,FALSE,v4v5,Archaea,FALSE,"marine biome","marine hydrothermal vent",sediment,9.089,87.1
DCO_LAZ,DCO_LAZ_Av4v5--PC3C_2,FALSE,v4v5,Archaea,FALSE,"marine hydrothermal vent","marine hydrothermal vent",sediment,9.089,87.1
DCO_LAZ,DCO_LAZ_Av4v5--PC4A,FALSE,v4v5,Archaea,FALSE,"marine biome","marine hydrothermal vent",sediment,9.086,87.1
DCO_LAZ,DCO_LAZ_Av4v5--PC4B,FALSE,v4v5,Archaea,FALSE,"marine biome","marine hydrothermal vent",sediment,9.086,87.1
DCO_LAZ,DCO_LAZ_Bv4v5--PC1A,FALSE,v4v5,Bacteria,FALSE,"marine biome","marine hydrothermal vent",sediment,9.078,87.096
DCO_LAZ,DCO_LAZ_Bv4v5--PC1A_2,FALSE,v4v5,Bacteria,FALSE,"marine hydrothermal vent","marine hydrothermal vent",sediment,9.078,87.096
DCO_LAZ,DCO_LAZ_Bv4v5--PC2A,FALSE,v4v5,Bacteria,FALSE,"marine biome","marine hydrothermal vent",sediment,9.081,87.094
DCO_LAZ,DCO_LAZ_Bv4v5--PC2B,FALSE,v4v5,Bacteria,FALSE,"marine biome","marine hydrothermal vent",sediment,9.081,87.093
DCO_LAZ,DCO_LAZ_Bv4v5--PC2C,FALSE,v4v5,Bacteria,FALSE,"marine biome","marine hydrothermal vent",sediment,9.081,87.093
DCO_LAZ,DCO_LAZ_Bv4v5--PC2D,FALSE,v4v5,Bacteria,FALSE,"marine biome","marine hydrothermal vent",sediment,9.077,87.091
DCO_LAZ,DCO_LAZ_Bv4v5--PC3A,FALSE,v4v5,Bacteria,FALSE,"marine biome","marine hydrothermal vent",sediment,9.089,87.1
DCO_LAZ,DCO_LAZ_Bv4v5--PC3A_2,FALSE,v4v5,Bacteria,FALSE,"marine hydrothermal vent","marine hydrothermal vent",sediment,9.089,87.1
DCO_LAZ,DCO_LAZ_Bv4v5--PC3B,FALSE,v4v5,Bacteria,FALSE,"marine biome","marine hydrothermal vent",sediment,9.089,87.1
DCO_LAZ,DCO_LAZ_Bv4v5--PC3B_2,FALSE,v4v5,Bacteria,FALSE,"marine hydrothermal vent","marine hydrothermal vent",sediment,9.089,87.1
DCO_LAZ,DCO_LAZ_Bv4v5--PC3C,FALSE,v4v5,Bacteria,FALSE,"marine biome","marine hydrothermal vent",sediment,9.089,87.1
DCO_LAZ,DCO_LAZ_Bv4v5--PC3C_2,FALSE,v4v5,Bacteria,FALSE,"marine hydrothermal vent","marine hydrothermal vent",sediment,9.089,87.1
DCO_LAZ,DCO_LAZ_Bv4v5--PC4A,FALSE,v4v5,Bacteria,FALSE,"marine biome","marine hydrothermal vent",sediment,9.086,87.1
DCO_LAZ,DCO_LAZ_Bv4v5--PC4B,FALSE,v4v5,Bacteria,FALSE,"marine biome","marine hydrothermal vent",sediment,9.086,87.1
DCO_LIN,DCO_LIN_Bv6--TWNCO2_1518m,FALSE,v6,Bacteria,FALSE,"terrestrial biome",borehole,rock,24.093,120.389
DCO_LIN,DCO_LIN_Bv6--TWNCO2_1520m,FALSE,v6,Bacteria,FALSE,"terrestrial biome",borehole,rock,24.093,120.389
DCO_LIN,DCO_LIN_Bv6--TWNCO2_1564m,FALSE,v6,Bacteria,FALSE,"terrestrial biome",borehole,rock,24.093,120.389
DCO_LIN,DCO_LIN_Bv6--TWNCO2_1614m,FALSE,v6,Bacteria,FALSE,"terrestrial biome",borehole,rock,24.093,120.389
DCO_LIN,DCO_LIN_Bv6--TWNCO2_1675m,FALSE,v6,Bacteria,FALSE,"terrestrial biome",borehole,rock,24.093,120.389
DCO_LIN,DCO_LIN_Bv6--TWNCO2_1733m,FALSE,v6,Bacteria,FALSE,"terrestrial biome",borehole,rock,24.093,120.389
DCO_LIN,DCO_LIN_Bv6--TWNCO2_1788m,FALSE,v6,Bacteria,FALSE,"terrestrial biome",borehole,rock,24.093,120.389
DCO_LIN,DCO_LIN_Bv6--TWNCO2_1814m,FALSE,v6,Bacteria,FALSE,"terrestrial biome",borehole,rock,24.093,120.389
DCO_LIN,DCO_LIN_Bv6--TWNCO2_1909m,FALSE,v6,Bacteria,FALSE,"terrestrial biome",borehole,rock,24.093,120.389
DCO_LIN,DCO_LIN_Bv6--TWNCO2_1956m,FALSE,v6,Bacteria,FALSE,"terrestrial biome",borehole,rock,24.093,120.389
DCO_LIN,DCO_LIN_Bv6--TWNCO2_2003m,FALSE,v6,Bacteria,FALSE,"terrestrial biome",borehole,rock,24.093,120.389
DCO_LIN,DCO_LIN_Bv6--TWNCO2_2056m,FALSE,v6,Bacteria,FALSE,"terrestrial biome",borehole,rock,24.093,120.389
DCO_LIN,DCO_LIN_Bv6--TWNCO2_2108m,FALSE,v6,Bacteria,FALSE,"terrestrial biome",borehole,rock,24.093,120.389
DCO_LIN,DCO_LIN_Bv6--TWNCO2_2172m,FALSE,v6,Bacteria,FALSE,"terrestrial biome",borehole,rock,24.093,120.389
DCO_LIN,DCO_LIN_Bv6--TWNCO2_2224m,FALSE,v6,Bacteria,FALSE,"terrestrial biome",borehole,rock,24.093,120.389
DCO_LIN,DCO_LIN_Bv6--TWNCO2_2273m,FALSE,v6,Bacteria,FALSE,"terrestrial biome",borehole,rock,24.093,120.389
DCO_LIN,DCO_LIN_Bv6--TWNCO2_2325m,FALSE,v6,Bacteria,FALSE,"terrestrial biome",borehole,rock,24.093,120.389
DCO_LIN,DCO_LIN_Bv6--TWNCO2_2397m,FALSE,v6,Bacteria,FALSE,"terrestrial biome",borehole,rock,24.093,120.389
DCO_LIN,DCO_LIN_Bv6--TWNCO2_2419m,FALSE,v6,Bacteria,FALSE,"terrestrial biome",borehole,rock,24.093,120.389
DCO_LIN,DCO_LIN_Bv6--TWNCO2_2465m,FALSE,v6,Bacteria,FALSE,"terrestrial biome",borehole,rock,24.093,120.389
DCO_LIN,DCO_LIN_Bv6--TWNCO2_2496m,FALSE,v6,Bacteria,FALSE,"terrestrial biome",borehole,rock,24.093,120.389
DCO_LIN,DCO_LIN_Bv6--TWNCO2_2547m,FALSE,v6,Bacteria,FALSE,"terrestrial biome",borehole,rock,24.093,120.389
DCO_LIN,DCO_LIN_Bv6--TWNCO2_2616m,FALSE,v6,Bacteria,FALSE,"terrestrial biome",borehole,rock,24.093,120.389
DCO_LIN,DCO_LIN_Bv6--TWNCO2_2659m,FALSE,v6,Bacteria,FALSE,"terrestrial biome",borehole,rock,24.093,120.389
DCO_LOIH,DCO_LOIH_Av4v5--J2_672_BM1_B12345,FALSE,v4v5,Archaea,FALSE,"marine biome","hydrothermal vent","microbial mat material",18.906,-155.257
DCO_LOIH,DCO_LOIH_Av4v5--J2_674_Scoop_2,FALSE,v4v5,Archaea,FALSE,"marine biome","hydrothermal vent","microbial mat material",18.906,-155.257
DCO_LOIH,DCO_LOIH_Av4v5--J672black_Av4v5,FALSE,v4v5,Archaea,FALSE,"marine biome","hydrothermal vent",fluid,18.906,-155.257
DCO_LOIH,DCO_LOIH_Av4v5--J672yellow_Av4v5,FALSE,v4v5,Archaea,FALSE,"marine biome","hydrothermal vent",fluid,18.906,-155.257
DCO_LOIH,DCO_LOIH_Av4v5--J675yellow_Av4v5,FALSE,v4v5,Archaea,FALSE,"marine biome","hydrothermal vent",fluid,18.906,-155.257
DCO_LOIH,DCO_LOIH_Av4v5--J676black_Av4v5,FALSE,v4v5,Archaea,FALSE,"marine biome","hydrothermal vent",fluid,18.906,-155.257
DCO_LOIH,DCO_LOIH_Av4v5--J676red_Av4v5,FALSE,v4v5,Archaea,FALSE,"marine biome","hydrothermal vent",fluid,18.906,-155.257
DCO_LOIH,DCO_LOIH_Bv4v5--J674black_Bv4v5,FALSE,v4v5,Bacteria,FALSE,"marine biome","hydrothermal vent",water,18.906,-155.257
DCO_LOIH,DCO_LOIH_Bv4v5--J675yellow_Bv4v5,FALSE,v4v5,Bacteria,FALSE,"marine biome","hydrothermal vent",water,18.906,-155.257
DCO_LOIH,DCO_LOIH_Bv4v5--J676black_Bv4v5,FALSE,v4v5,Bacteria,FALSE,"marine biome","hydrothermal vent",water,18.906,-155.257
DCO_MAC,DCO_MAC_Av6--LD09_2_3,FALSE,v6,Archaea,FALSE,"terrestrial biome",cave,water,43.403,12.976
DCO_MAC,DCO_MAC_Av6--LI09_3,FALSE,v6,Archaea,FALSE,"terrestrial biome",cave,water,43.403,12.976
DCO_MAC,DCO_MAC_Av6--LI09_4,FALSE,v6,Archaea,FALSE,"terrestrial biome",cave,water,43.403,12.976
DCO_MAC,DCO_MAC_Av6--LI09_5,FALSE,v6,Archaea,FALSE,"terrestrial biome",cave,water,43.403,12.976
DCO_MAC,DCO_MAC_Av6--LI13_2,FALSE,v6,Archaea,FALSE,"terrestrial biome",cave,water,43.403,12.976
DCO_MAC,DCO_MAC_Av6--LO13_2,FALSE,v6,Archaea,FALSE,"terrestrial biome",cave,water,43.403,12.976
DCO_MAC,DCO_MAC_Av6--LO13_8,FALSE,v6,Archaea,FALSE,"terrestrial biome",cave,water,43.403,12.976
DCO_MAC,DCO_MAC_Av6--LV13_5,FALSE,v6,Archaea,FALSE,"terrestrial biome",cave,water,43.403,12.976
DCO_MAC,DCO_MAC_Bv6--LD09_2_3,FALSE,v6,Bacteria,FALSE,"terrestrial biome",cave,water,43.403,12.976
DCO_MAC,DCO_MAC_Bv6--LI09_3,FALSE,v6,Bacteria,FALSE,"terrestrial biome",cave,water,43.403,12.976
DCO_MAC,DCO_MAC_Bv6--LI09_4,FALSE,v6,Bacteria,FALSE,"terrestrial biome",cave,water,43.403,12.976
DCO_MAC,DCO_MAC_Bv6--LI09_5,FALSE,v6,Bacteria,FALSE,"terrestrial biome",cave,water,43.403,12.976
DCO_MAC,DCO_MAC_Bv6--LI13_2,FALSE,v6,Bacteria,FALSE,"terrestrial biome",cave,water,43.403,12.976
DCO_MAC,DCO_MAC_Bv6--LO13_2,FALSE,v6,Bacteria,FALSE,"terrestrial biome",cave,water,43.403,12.976
DCO_MAC,DCO_MAC_Bv6--LO13_8,FALSE,v6,Bacteria,FALSE,"terrestrial biome",cave,water,43.403,12.976
DCO_MAC,DCO_MAC_Bv6--LV13_5,FALSE,v6,Bacteria,FALSE,"terrestrial biome",cave,water,43.403,12.976
DCO_MAR,DCO_MAR_Av4v5--10A,FALSE,v4v5,Archaea,FALSE,"terrestrial biome",volcano,soil,-16.24930278,168.13694444
DCO_MAR,DCO_MAR_Av4v5--7A_,FALSE,v4v5,Archaea,FALSE,"terrestrial biome",volcano,rock,-16.27222222,168.15361111
DCO_MAR,DCO_MAR_Av4v5--8A_,FALSE,v4v5,Archaea,FALSE,"terrestrial biome",volcano,rock,-16.27222222,168.15361111
DCO_MAR,DCO_MAR_Av4v5--9A_,FALSE,v4v5,Archaea,FALSE,"terrestrial biome",volcano,soil,-16.24930278,168.13694444
DCO_MAR,DCO_MAR_Bv4v5--7B_,FALSE,v4v5,Bacteria,FALSE,"terrestrial biome",volcano,rock,-16.27222222,168.1536111
DCO_MAR,DCO_MAR_Bv4v5--8B_,FALSE,v4v5,Bacteria,FALSE,"terrestrial biome",volcano,rock,-16.27222222,168.1536111
DCO_MOS,DCO_MOS_Av6v4--BLM_1A,FALSE,v6v4,Archaea,FALSE,"terrestrial biome",well,water,36.40116667,-116.468
DCO_MOS,DCO_MOS_Bv6v4--BLM_1B,FALSE,v6v4,Bacteria,FALSE,"terrestrial biome",well,water,36.40116667,-116.468
DCO_MOS,DCO_MOS_Bv6v4--ER_EC_11,FALSE,v6v4,Bacteria,FALSE,"terrestrial biome",well,water,37.2,-116.48
DCO_MOS,DCO_MOS_Bv6v4--Nevares_DW2B,FALSE,v6v4,Bacteria,FALSE,"terrestrial biome",well,water,36.5073,-116.81967
DCO_MOS,DCO_MOS_Bv6v4--U12N_10_tunnel,FALSE,v6v4,Bacteria,FALSE,"terrestrial biome",mine,water,37.21,-116.21
DCO_ONS,DCO_ONS_Av4v5--A_BE326FW010813_cap,FALSE,v4v5,Archaea,FALSE,"terrestrial biome","geological fracture",water,-28.24,26.796
DCO_ONS,DCO_ONS_Av4v5--A_BE326FW080813_cap,FALSE,v4v5,Archaea,FALSE,"terrestrial biome","geological fracture",water,-28.24,26.796
DCO_ONS,DCO_ONS_Av4v5--A_BE326FW150813MF,FALSE,v4v5,Archaea,FALSE,"terrestrial biome","geological fracture",water,-28.24,26.796
DCO_ONS,DCO_ONS_Av4v5--A_BE326FW150813_cap,FALSE,v4v5,Archaea,FALSE,"terrestrial biome","geological fracture",water,-28.24,26.796
DCO_ONS,DCO_ONS_Av4v5--A_BE326FW250111,FALSE,v4v5,Archaea,FALSE,"terrestrial biome","geological fracture",water,-28.24,26.796
DCO_ONS,DCO_ONS_Av4v5--A_BE326FW270712,FALSE,v4v5,Archaea,FALSE,"terrestrial biome","geological fracture",water,-28.24,26.796
DCO_ONS,DCO_ONS_Av4v5--A_DR5IPC280513,FALSE,v4v5,Archaea,FALSE,"terrestrial biome","geological fracture",water,-26.42,27.504
DCO_ONS,DCO_ONS_Av4v5--A_DR5IPC280711,FALSE,v4v5,Archaea,FALSE,"terrestrial biome","geological fracture",water,-26.42,27.504
DCO_ONS,DCO_ONS_Bv4v5--B_BE326FW010813_cap,FALSE,v4v5,Bacteria,FALSE,"terrestrial biome","geological fracture",water,-28.24,26.796
DCO_ONS,DCO_ONS_Bv4v5--B_BE326FW010813_cap_2,FALSE,v4v5,Bacteria,FALSE,"terrestrial biome","geological fracture",water,-28.24,26.796
DCO_ONS,DCO_ONS_Bv4v5--B_BE326FW080813_cap,FALSE,v4v5,Bacteria,FALSE,"terrestrial biome","geological fracture",water,-28.24,26.796
DCO_ONS,DCO_ONS_Bv4v5--B_BE326FW080813_cap_2,FALSE,v4v5,Bacteria,FALSE,"terrestrial biome","geological fracture",water,-28.24,26.796
DCO_ONS,DCO_ONS_Bv4v5--B_BE326FW150813_MF,FALSE,v4v5,Bacteria,FALSE,"terrestrial biome","geological fracture",water,-28.24,26.796
DCO_ONS,DCO_ONS_Bv4v5--B_BE326FW150813_MF_2,FALSE,v4v5,Bacteria,FALSE,"terrestrial biome","geological fracture",water,-28.24,26.796
DCO_ONS,DCO_ONS_Bv4v5--B_BE326FW150813_cap,FALSE,v4v5,Bacteria,FALSE,"terrestrial biome","geological fracture",water,-28.24,26.796
DCO_ONS,DCO_ONS_Bv4v5--B_BE326FW150813_cap_2,FALSE,v4v5,Bacteria,FALSE,"terrestrial biome","geological fracture",water,-28.24,26.796
DCO_ONS,DCO_ONS_Bv4v5--B_BE326FW250111,FALSE,v4v5,Bacteria,FALSE,"terrestrial biome","geological fracture",water,-28.24,26.796
DCO_ONS,DCO_ONS_Bv4v5--B_BE326FW270712,FALSE,v4v5,Bacteria,FALSE,"terrestrial biome","geological fracture",water,-28.24,26.796
DCO_ONS,DCO_ONS_Bv4v5--B_DR5IPC280513,FALSE,v4v5,Bacteria,FALSE,"terrestrial biome","geological fracture",water,-26.42,27.504
DCO_ONS,DCO_ONS_Bv4v5--B_DR5IPC280711,FALSE,v4v5,Bacteria,FALSE,"terrestrial biome","geological fracture",water,-26.42,27.504
DCO_ORC,DCO_ORC_Av6--IODP_X327_U1362A_21R1A,FALSE,v6,Archaea,FALSE,"marine biome",borehole,rock,47.76105,-127.7612
DCO_ORC,DCO_ORC_Av6--IODP_X327_U1363D_6XCC,FALSE,v6,Archaea,FALSE,"marine biome",borehole,rock,47.29287,-128.02933
DCO_ORC,DCO_ORC_Av6--IODP_X336_U1382B_10H4,FALSE,v6,Archaea,FALSE,"marine biome",borehole,sediment,22.75547,-46.08125
DCO_ORC,DCO_ORC_Av6--IODP_X336_U1382B_1H3,FALSE,v6,Archaea,FALSE,"marine biome",borehole,sediment,22.75547,-46.08125
DCO_ORC,DCO_ORC_Av6--IODP_X336_U1382B_2H2,FALSE,v6,Archaea,FALSE,"marine biome",borehole,sediment,22.75547,-46.08125
DCO_ORC,DCO_ORC_Av6--IODP_X336_U1382B_2H4,FALSE,v6,Archaea,FALSE,"marine biome",borehole,sediment,22.75547,-46.08125
DCO_ORC,DCO_ORC_Av6--IODP_X336_U1382B_4H4,FALSE,v6,Archaea,FALSE,"marine biome",borehole,sediment,22.75547,-46.08125
DCO_ORC,DCO_ORC_Av6--IODP_X336_U1382B_7H6,FALSE,v6,Archaea,FALSE,"marine biome",borehole,sediment,22.75547,-46.08125
DCO_ORC,DCO_ORC_Av6--IODP_X336_U1382B_8H6,FALSE,v6,Archaea,FALSE,"marine biome",borehole,sediment,22.75547,-46.08125
DCO_ORC,DCO_ORC_Av6--IODP_X336_U1383C_11R,FALSE,v6,Archaea,FALSE,"marine biome",borehole,rock,22.80221,-46.05259
DCO_ORC,DCO_ORC_Av6--IODP_X336_U1383C_24R,FALSE,v6,Archaea,FALSE,"marine biome",borehole,rock,22.80221,-46.05259
DCO_ORC,DCO_ORC_Av6--IODP_X336_U1383C_30R,FALSE,v6,Archaea,FALSE,"marine biome",borehole,rock,22.80221,-46.05259
DCO_ORC,DCO_ORC_Av6v4--Orc4H1,FALSE,v6v4,Archaea,FALSE,"marine biome",borehole,sediment,47.28877,-128.03562
DCO_ORC,DCO_ORC_Bv6--IODP_X336_U1383C_11R,FALSE,v6,Bacteria,FALSE,"marine biome",borehole,rock,22.80221,-46.05259
DCO_ORC,DCO_ORC_Bv6--IODP_X336_U1383C_24R,FALSE,v6,Bacteria,FALSE,"marine biome",borehole,rock,22.80221,-46.05259
DCO_ORC,DCO_ORC_Bv6--IODP_X336_U1383C_30R,FALSE,v6,Bacteria,FALSE,"marine biome",borehole,rock,22.80221,-46.05259
DCO_ORC,DCO_ORC_Bv6v4--JdF16R2,FALSE,v6v4,Bacteria,FALSE,"marine biome",borehole,rock,47.76103,-127.7612
DCO_ORC,DCO_ORC_Bv6v4--JdF21R1A,FALSE,v6v4,Bacteria,FALSE,"marine biome",borehole,rock,47.76103,-127.7612
DCO_ORC,DCO_ORC_Bv6v4--JdF21R1B,FALSE,v6v4,Bacteria,FALSE,"marine biome",borehole,rock,47.76103,-127.7612
DCO_ORC,DCO_ORC_Bv6v4--JdF4H2,FALSE,v6v4,Bacteria,FALSE,"marine biome",borehole,sediment,47.28877,-128.03562
DCO_ORC,DCO_ORC_Bv6v4--JdF4HCC,FALSE,v6v4,Bacteria,FALSE,"marine biome",borehole,sediment,47.28877,-128.03562
DCO_ORC,DCO_ORC_Bv6v4--JdF5X1,FALSE,v6v4,Bacteria,FALSE,"marine biome",borehole,sediment,47.289197,-128.0351
DCO_ORC,DCO_ORC_Bv6v4--JdF8X2,FALSE,v6v4,Bacteria,FALSE,"marine biome",borehole,sediment,47.289197,-128.0351
DCO_ORC,DCO_ORC_Bv6v4--JdF8X5,FALSE,v6v4,Bacteria,FALSE,"marine biome",borehole,sediment,47.289197,-128.0351
DCO_ORC,DCO_ORC_Bv6v4--JdFback,FALSE,v6v4,Bacteria,FALSE,"marine biome",borehole,water,47.292873,-128.029332
DCO_ORC,DCO_ORC_Bv6v4--NP13501,FALSE,v6v4,Bacteria,FALSE,"marine biome",borehole,sediment,22.78,-46.11
DCO_ORC,DCO_ORC_Bv6v4--NP13504,FALSE,v6v4,Bacteria,FALSE,"marine biome",borehole,sediment,22.83,-46.05
DCO_ORC,DCO_ORC_Bv6v4--Orc4H1,FALSE,v6v4,Bacteria,FALSE,"marine biome",borehole,sediment,47.28877,-128.03562
DCO_ORC,DCO_ORC_Bv6v4--Orc4H3_upper,FALSE,v6v4,Bacteria,FALSE,"marine biome",borehole,sediment,47.28877,-128.03562
DCO_PIN,DCO_PIN_Av4v5--A1_,FALSE,v4v5,Archaea,FALSE,"terrestrial biome",borehole,rock,17.12,73.87
DCO_PIN,DCO_PIN_Av4v5--A2_,FALSE,v4v5,Archaea,FALSE,"terrestrial biome",borehole,rock,17.12,73.87
DCO_PIN,DCO_PIN_Av4v5--A3_,FALSE,v4v5,Archaea,FALSE,"terrestrial biome",borehole,rock,17.12,73.87
DCO_PIN,DCO_PIN_Av4v5--A4_,FALSE,v4v5,Archaea,FALSE,"terrestrial biome",borehole,rock,17.12,73.87
DCO_PIN,DCO_PIN_Av4v5--A5_,FALSE,v4v5,Archaea,FALSE,"terrestrial biome",borehole,rock,17.12,73.87
DCO_PIN,DCO_PIN_Av4v5--B1_,FALSE,v4v5,Archaea,FALSE,"terrestrial biome",borehole,rock,17.12,73.87
DCO_PIN,DCO_PIN_Av4v5--B2_,FALSE,v4v5,Archaea,FALSE,"terrestrial biome",borehole,rock,17.12,73.87
DCO_PIN,DCO_PIN_Av4v5--B3_,FALSE,v4v5,Archaea,FALSE,"terrestrial biome",borehole,rock,17.12,73.87
DCO_PIN,DCO_PIN_Av4v5--B4_,FALSE,v4v5,Archaea,FALSE,"terrestrial biome",borehole,rock,17.12,73.87
DCO_PIN,DCO_PIN_Av4v5--B5_,FALSE,v4v5,Archaea,FALSE,"terrestrial biome",borehole,rock,17.12,73.87
DCO_PIN,DCO_PIN_Av4v5--B6_,FALSE,v4v5,Archaea,FALSE,"terrestrial biome",borehole,rock,17.12,73.87
DCO_PIN,DCO_PIN_Bv4v5--DCO_PIN_Bv4v5,FALSE,v4v5,Bacteria,FALSE,"terrestrial biome",borehole,rock,17.12,73.87
DCO_RAM,DCO_RAM_Av6v4--MSM16_2_809_1_MUC,FALSE,v6v4,Archaea,FALSE,"marine biome",seep,sediment,72.003,14.732
DCO_RAM,DCO_RAM_Av6v4--MSM16_2_823_1_MUC,FALSE,v6v4,Archaea,FALSE,"marine biome",seep,sediment,72.003,14.732
DCO_RAM,DCO_RAM_Av6v4--MSM16_2_838_1_MUC,FALSE,v6v4,Archaea,FALSE,"marine biome",seep,sediment,72.005,14.726
DCO_RAM,DCO_RAM_Av6v4--MSM16_2_847_1_MUC,FALSE,v6v4,Archaea,FALSE,"marine biome",seep,sediment,72.004,14.727
DCO_RAM,DCO_RAM_Av6v4--MSM16_2_855_1_MUC,FALSE,v6v4,Archaea,FALSE,"marine biome",seep,sediment,72.004,14.73
DCO_RAM,DCO_RAM_Av6v4--PS64_312_1_MUC,FALSE,v6v4,Archaea,FALSE,"marine biome",seep,sediment,72.004,14.725
DCO_RAM,DCO_RAM_Av6v4--PS64_317_PUC_17,FALSE,v6v4,Archaea,FALSE,"marine biome",seep,sediment,72.003,14.731
DCO_RAM,DCO_RAM_Av6v4--PS64_326_PUC_12,FALSE,v6v4,Archaea,FALSE,"marine biome",seep,sediment,72.001,14.719
DCO_RAM,DCO_RAM_Av6v4--PS64_332_1_GC,FALSE,v6v4,Archaea,FALSE,"marine biome",seep,sediment,72.005,14.726
DCO_RAM,DCO_RAM_Av6v4--PS64_336_1_GC,FALSE,v6v4,Archaea,FALSE,"marine biome",seep,sediment,72.0,14.726
DCO_RAM,DCO_RAM_Av6v4--PS64_371_1_GC,FALSE,v6v4,Archaea,FALSE,"marine biome",seep,sediment,72.003,14.731
DCO_RAM,DCO_RAM_Av6v4--PS64_372_1_GC,FALSE,v6v4,Archaea,FALSE,"marine biome",seep,sediment,72.004,14.727
DCO_RAM,DCO_RAM_Av6v4--PS64_373_1_GC,FALSE,v6v4,Archaea,FALSE,"marine biome",seep,sediment,72.003,14.728
DCO_RAM,DCO_RAM_Av6v4--PS74_2_168_1_MUC,FALSE,v6v4,Archaea,FALSE,"marine biome",seep,sediment,72.005,14.724
DCO_RAM,DCO_RAM_Av6v4--PS74_2_169_1_PUC3,FALSE,v6v4,Archaea,FALSE,"marine biome",seep,sediment,72.005,14.726
DCO_RAM,DCO_RAM_Av6v4--PS74_2_172_1_PUC131,FALSE,v6v4,Archaea,FALSE,"marine biome",seep,sediment,72.005,14.726
DCO_RAM,DCO_RAM_Bv6v4--MSM16_2_809_1_MUC,FALSE,v6v4,Bacteria,FALSE,"marine biome",volcano,sediment,72.003,14.732
DCO_RAM,DCO_RAM_Bv6v4--MSM16_2_823_1_MUC,FALSE,v6v4,Bacteria,FALSE,"marine biome",volcano,sediment,72.003,14.732
DCO_RAM,DCO_RAM_Bv6v4--MSM16_2_838_1_MUC,FALSE,v6v4,Bacteria,FALSE,"marine biome",volcano,sediment,72.005,14.726
DCO_RAM,DCO_RAM_Bv6v4--MSM16_2_847_1_MUC,FALSE,v6v4,Bacteria,FALSE,"marine biome",volcano,sediment,72.004,14.727
DCO_RAM,DCO_RAM_Bv6v4--MSM16_2_855_1_MUC,FALSE,v6v4,Bacteria,FALSE,"marine biome",volcano,sediment,72.004,14.73
DCO_RAM,DCO_RAM_Bv6v4--PS64_312_1_MUC,FALSE,v6v4,Bacteria,FALSE,"marine biome",volcano,sediment,72.004,14.725
DCO_RAM,DCO_RAM_Bv6v4--PS64_317_PUC_17,FALSE,v6v4,Bacteria,FALSE,"marine biome",volcano,sediment,72.003,14.731
DCO_RAM,DCO_RAM_Bv6v4--PS64_326_PUC_12,FALSE,v6v4,Bacteria,FALSE,"marine biome",volcano,sediment,72.001,14.719
DCO_RAM,DCO_RAM_Bv6v4--PS64_332_1_GC,FALSE,v6v4,Bacteria,FALSE,"marine biome",volcano,sediment,72.005,14.726
DCO_RAM,DCO_RAM_Bv6v4--PS64_336_1_GC,FALSE,v6v4,Bacteria,FALSE,"marine biome",volcano,sediment,72.0,14.726
DCO_RAM,DCO_RAM_Bv6v4--PS64_371_1_GC,FALSE,v6v4,Bacteria,FALSE,"marine biome",volcano,sediment,72.003,14.731
DCO_RAM,DCO_RAM_Bv6v4--PS64_372_1_GC,FALSE,v6v4,Bacteria,FALSE,"marine biome",volcano,sediment,72.004,14.727
DCO_RAM,DCO_RAM_Bv6v4--PS64_373_1_GC,FALSE,v6v4,Bacteria,FALSE,"marine biome",volcano,sediment,72.003,14.728
DCO_RAM,DCO_RAM_Bv6v4--PS74_2_168_1_MUC,FALSE,v6v4,Bacteria,FALSE,"marine biome",volcano,sediment,72.005,14.724
DCO_RAM,DCO_RAM_Bv6v4--PS74_2_169_1_PUC3,FALSE,v6v4,Bacteria,FALSE,"marine biome",volcano,sediment,72.005,14.726
DCO_RAM,DCO_RAM_Bv6v4--PS74_2_172_1_PUC131,FALSE,v6v4,Bacteria,FALSE,"marine biome",volcano,sediment,72.005,14.726
DCO_RUS,DCO_RUS_Av4v5--O_12,FALSE,v4v5,Archaea,FALSE,"marine biome",estuary,sediment,38.7,-75.16
DCO_RUS,DCO_RUS_Av4v5--O_3,FALSE,v4v5,Archaea,FALSE,"marine biome",estuary,sediment,38.7,-75.16
DCO_RUS,DCO_RUS_Bv4v5--4_D,FALSE,v4v5,Bacteria,FALSE,"marine biome","continental margin",sediment,37.646,10.273
DCO_RUS,DCO_RUS_Bv4v5--6_D,FALSE,v4v5,Bacteria,FALSE,"marine biome","continental margin",sediment,37.646,10.273
DCO_RUS,DCO_RUS_Bv4v5--6_H,FALSE,v4v5,Bacteria,FALSE,"marine biome","continental margin",sediment,37.646,10.273
DCO_RUS,DCO_RUS_Bv4v5--8_D,FALSE,v4v5,Bacteria,FALSE,"marine biome","continental margin",sediment,37.646,10.273
DCO_RUS,DCO_RUS_Bv4v5--O_12,FALSE,v4v5,Bacteria,FALSE,"marine biome",estuary,sediment,38.7,-75.16
DCO_RUS,DCO_RUS_Bv4v5--O_3,FALSE,v4v5,Bacteria,FALSE,"marine biome",estuary,sediment,38.7,-75.16
DCO_SAR,DCO_SAR_Bv4v5--A1_,FALSE,v4v5,Bacteria,FALSE,"terrestrial biome",borehole,rock,17.12,73.87
DCO_SAR,DCO_SAR_Bv4v5--A2_,FALSE,v4v5,Bacteria,FALSE,"terrestrial biome",borehole,rock,17.12,73.87
DCO_SAR,DCO_SAR_Bv4v5--A3_,FALSE,v4v5,Bacteria,FALSE,"terrestrial biome",borehole,rock,17.12,73.87
DCO_SAR,DCO_SAR_Bv4v5--A4_,FALSE,v4v5,Bacteria,FALSE,"terrestrial biome",borehole,rock,17.12,73.87
DCO_SAR,DCO_SAR_Bv4v5--A5_,FALSE,v4v5,Bacteria,FALSE,"terrestrial biome",borehole,rock,17.12,73.87
DCO_SAR,DCO_SAR_Bv4v5--B1_,FALSE,v4v5,Bacteria,FALSE,"terrestrial biome",borehole,rock,17.12,73.87
DCO_SAR,DCO_SAR_Bv4v5--B2_,FALSE,v4v5,Bacteria,FALSE,"terrestrial biome",borehole,rock,17.12,73.87
DCO_SAR,DCO_SAR_Bv4v5--B3_,FALSE,v4v5,Bacteria,FALSE,"terrestrial biome",borehole,rock,17.12,73.87
DCO_SAR,DCO_SAR_Bv4v5--B4_,FALSE,v4v5,Bacteria,FALSE,"terrestrial biome",borehole,rock,17.12,73.87
DCO_SAR,DCO_SAR_Bv4v5--B5_,FALSE,v4v5,Bacteria,FALSE,"terrestrial biome",borehole,rock,17.12,73.87
DCO_SAR,DCO_SAR_Bv4v5--B6_,FALSE,v4v5,Bacteria,FALSE,"terrestrial biome",borehole,rock,17.12,73.87
DCO_SYL,DCO_SYL_Bv6v4--1373_DF_Bac,FALSE,v6v4,Bacteria,FALSE,"drilling bore water",borehole,water,-28.596,-173.28
DCO_SYL,DCO_SYL_Bv6v4--1374_14R_Bac,FALSE,v6v4,Bacteria,FALSE,"marine biome",borehole,rock,-28.596,-173.381
DCO_SYL,DCO_SYL_Bv6v4--1374_20R_Bac,FALSE,v6v4,Bacteria,FALSE,"marine biome",borehole,rock,-28.596,-173.381
DCO_SYL,DCO_SYL_Bv6v4--1374_27R_Bac,FALSE,v6v4,Bacteria,FALSE,"marine biome",borehole,rock,-28.596,-173.381
DCO_SYL,DCO_SYL_Bv6v4--1374_31R_Bac,FALSE,v6v4,Bacteria,FALSE,"marine biome",borehole,rock,-28.596,-173.381
DCO_SYL,DCO_SYL_Bv6v4--1374_38R_Bac,FALSE,v6v4,Bacteria,FALSE,"marine biome",borehole,rock,-28.596,-173.381
DCO_SYL,DCO_SYL_Bv6v4--1374_52R_Bac,FALSE,v6v4,Bacteria,FALSE,"marine biome",borehole,rock,-28.596,-173.381
DCO_SYL,DCO_SYL_Bv6v4--1374_58R_Bac,FALSE,v6v4,Bacteria,FALSE,"marine biome",borehole,rock,-28.596,-173.381
DCO_SYL,DCO_SYL_Bv6v4--1374_68R_Bac,FALSE,v6v4,Bacteria,FALSE,"marine biome",borehole,rock,-28.596,-173.381
DCO_SYL,DCO_SYL_Bv6v4--1374_8R_Bac,FALSE,v6v4,Bacteria,FALSE,"marine biome",borehole,rock,-28.596,-173.381
DCO_SYL,DCO_SYL_Bv6v4--1376_04R_Bac,FALSE,v6v4,Bacteria,FALSE,"marine biome",borehole,rock,-32.217,-171.881
DCO_SYL,DCO_SYL_Bv6v4--1376_07R_Bac,FALSE,v6v4,Bacteria,FALSE,"marine biome",borehole,rock,-32.217,-171.881
DCO_SYL,DCO_SYL_Bv6v4--1376_16R_Bac,FALSE,v6v4,Bacteria,FALSE,"marine biome",borehole,rock,-32.217,-171.881
DCO_SYL,DCO_SYL_Bv6v4--1376_17R_Bac,FALSE,v6v4,Bacteria,FALSE,"marine biome",borehole,rock,-32.217,-171.881
DCO_SYL,DCO_SYL_Bv6v4--1376_19R_Bac,FALSE,v6v4,Bacteria,FALSE,"marine biome",borehole,rock,-32.217,-171.881
DCO_SYL,DCO_SYL_Bv6v4--1376_23R,FALSE,v6v4,Bacteria,FALSE,"marine biome",borehole,rock,-32.217,-171.881
DCO_TAS,DCO_TAS_Av4v5--S1_10,FALSE,v4v5,Archaea,FALSE,"terrestrial biome",volcano,sediment,40.827049,14.141238
DCO_TAS,DCO_TAS_Av4v5--S1_30,FALSE,v4v5,Archaea,FALSE,"terrestrial biome",volcano,sediment,40.827049,14.141238
DCO_TAS,DCO_TAS_Av4v5--S2_10,FALSE,v4v5,Archaea,FALSE,"terrestrial biome",volcano,sediment,40.827049,14.141238
DCO_TAS,DCO_TAS_Av4v5--S2_30,FALSE,v4v5,Archaea,FALSE,"terrestrial biome",volcano,sediment,40.827049,14.141238
DCO_TAS,DCO_TAS_Av4v5--S3_10,FALSE,v4v5,Archaea,FALSE,"terrestrial biome",volcano,sediment,40.827049,14.141238
DCO_TAS,DCO_TAS_Av4v5--S3_30,FALSE,v4v5,Archaea,FALSE,"terrestrial biome",volcano,sediment,40.827049,14.141238
DCO_TAS,DCO_TAS_Av4v5--S4_10,FALSE,v4v5,Archaea,FALSE,"terrestrial biome",volcano,sediment,40.827049,14.141238
DCO_TAS,DCO_TAS_Av4v5--S4_30,FALSE,v4v5,Archaea,FALSE,"terrestrial biome",volcano,sediment,40.827049,14.141238
DCO_TAS,DCO_TAS_Av4v5--S5_10,FALSE,v4v5,Archaea,FALSE,"terrestrial biome",volcano,sediment,40.827049,14.141238
DCO_TAS,DCO_TAS_Av4v5--S5_30,FALSE,v4v5,Archaea,FALSE,"terrestrial biome",volcano,sediment,40.827049,14.141238
DCO_TAS,DCO_TAS_Av4v5--S6_,FALSE,v4v5,Archaea,FALSE,"terrestrial biome",volcano,mud,40.827049,14.141238
DCO_TAS,DCO_TAS_Av4v5--S7_,FALSE,v4v5,Archaea,FALSE,"terrestrial biome",volcano,mud,40.827049,14.141238
DCO_TAS,DCO_TAS_Bv4v5--S1_10,FALSE,v4v5,Bacteria,FALSE,"terrestrial biome","volcanic crater",sediment,40.827049,14.141238
DCO_TAS,DCO_TAS_Bv4v5--S1_30,FALSE,v4v5,Bacteria,FALSE,"terrestrial biome","volcanic crater",sediment,40.827049,14.141238
DCO_TAS,DCO_TAS_Bv4v5--S2_10,FALSE,v4v5,Bacteria,FALSE,"terrestrial biome","volcanic crater",sediment,40.827049,14.141238
DCO_TAS,DCO_TAS_Bv4v5--S2_30,FALSE,v4v5,Bacteria,FALSE,"terrestrial biome","volcanic crater",sediment,40.827049,14.141238
DCO_TAS,DCO_TAS_Bv4v5--S3_10,FALSE,v4v5,Bacteria,FALSE,"terrestrial biome","volcanic crater",sediment,40.827049,14.141238
DCO_TAS,DCO_TAS_Bv4v5--S3_30,FALSE,v4v5,Bacteria,FALSE,"terrestrial biome","volcanic crater",sediment,40.827049,14.141238
DCO_TAS,DCO_TAS_Bv4v5--S4_10,FALSE,v4v5,Bacteria,FALSE,"terrestrial biome","volcanic crater",sediment,40.827049,14.141238
DCO_TAS,DCO_TAS_Bv4v5--S4_30,FALSE,v4v5,Bacteria,FALSE,"terrestrial biome","volcanic crater",sediment,40.827049,14.141238
DCO_TAS,DCO_TAS_Bv4v5--S5_10,FALSE,v4v5,Bacteria,FALSE,"terrestrial biome","volcanic crater",sediment,40.827049,14.141238
DCO_TAS,DCO_TAS_Bv4v5--S5_30,FALSE,v4v5,Bacteria,FALSE,"terrestrial biome","volcanic crater",sediment,40.827049,14.141238
DCO_TAS,DCO_TAS_Bv4v5--S6_,FALSE,v4v5,Bacteria,FALSE,"terrestrial biome","volcanic crater",sediment,40.827049,14.141238
DCO_TAS,DCO_TAS_Bv4v5--S7_,FALSE,v4v5,Bacteria,FALSE,"terrestrial biome","volcanic crater",sediment,40.827049,14.141238
DCO_TCO,DCO_TCO_Av6--BE326FW120711BH2,FALSE,v6,Archaea,FALSE,"terrestrial biome",borehole,fluid,-28.24,26.8
DCO_TCO,DCO_TCO_Av6--BE326FW250111BH2,FALSE,v6,Archaea,FALSE,"terrestrial biome",borehole,fluid,-28.24,26.8
DCO_TCO,DCO_TCO_Av6--BE326FW270712BH2,FALSE,v6,Archaea,FALSE,"terrestrial biome",borehole,fluid,-28.24,26.8
DCO_TCO,DCO_TCO_Av6--DR5IPCFW280711,FALSE,v6,Archaea,FALSE,"terrestrial biome",borehole,fluid,-26.42,27.5
DCO_TCO,DCO_TCO_Av6--FI88FW031012,FALSE,v6,Archaea,FALSE,"terrestrial biome",borehole,fluid,-28.38,23.45
DCO_TCO,DCO_TCO_Av6--MM51940FW200712,FALSE,v6,Archaea,FALSE,"terrestrial biome",borehole,fluid,-27.98,26.88
DCO_TCO,DCO_TCO_Av6--NO14FW130912,FALSE,v6,Archaea,FALSE,"terrestrial biome",borehole,fluid,-24.83,27.34
DCO_TCO,DCO_TCO_Av6--TT109FW060311BH2,FALSE,v6,Archaea,FALSE,"terrestrial biome",borehole,fluid,-26.42,27.43
DCO_TCO,DCO_TCO_Bv6--BE326FW120711BH2,FALSE,v6,Bacteria,FALSE,"terrestrial biome",borehole,water,-28.24,26.8
DCO_TCO,DCO_TCO_Bv6--BE326FW250111BH2,FALSE,v6,Bacteria,FALSE,"terrestrial biome",borehole,water,-28.24,26.8
DCO_TCO,DCO_TCO_Bv6--BE326FW270712BH2,FALSE,v6,Bacteria,FALSE,"terrestrial biome",borehole,water,-28.24,26.8
DCO_TCO,DCO_TCO_Bv6--DR5IPCFW280711,FALSE,v6,Bacteria,FALSE,"terrestrial biome",borehole,water,-26.42,27.5
DCO_TCO,DCO_TCO_Bv6--FI88FW031012,FALSE,v6,Bacteria,FALSE,"terrestrial biome",borehole,water,-28.38,23.45
DCO_TCO,DCO_TCO_Bv6--MM51940FW200712,FALSE,v6,Bacteria,FALSE,"terrestrial biome",borehole,water,-27.98,26.88
DCO_TCO,DCO_TCO_Bv6--NO14FW130912,FALSE,v6,Bacteria,FALSE,"terrestrial biome",borehole,water,-24.83,27.34
DCO_TCO,DCO_TCO_Bv6--TT109FW060311BH2,FALSE,v6,Bacteria,FALSE,"terrestrial biome",borehole,water,-26.42,27.43
DCO_WAL,DCO_WAL_Av6v4--BS_1A,FALSE,v6v4,Archaea,FALSE,"marine biome",borehole,sediment,58.70444,-178.56417
DCO_WAL,DCO_WAL_Av6v4--BS_2A,FALSE,v6v4,Archaea,FALSE,"marine biome",borehole,sediment,58.70444,-178.56417
DCO_WAL,DCO_WAL_Av6v4--BS_3A,FALSE,v6v4,Archaea,FALSE,"marine biome",borehole,sediment,58.70444,-178.56417
DCO_WAL,DCO_WAL_Av6v4--BS_4A,FALSE,v6v4,Archaea,FALSE,"marine biome",borehole,sediment,58.70444,-178.56417
DCO_WAL,DCO_WAL_Av6v4--BS_5.5A,FALSE,v6v4,Archaea,FALSE,"marine biome",borehole,sediment,58.70444,-178.56417
DCO_WAL,DCO_WAL_Av6v4--BS_5A,FALSE,v6v4,Archaea,FALSE,"marine biome",borehole,sediment,58.70444,-178.56417
DCO_WAL,DCO_WAL_Av6v4--BS_6A,FALSE,v6v4,Archaea,FALSE,"marine biome",borehole,sediment,58.70444,-178.56417
DCO_WAL,DCO_WAL_Av6v4--BS_7.5A,FALSE,v6v4,Archaea,FALSE,"marine biome",borehole,sediment,58.70444,-178.56417
DCO_WAL,DCO_WAL_Av6v4--BS_7A,FALSE,v6v4,Archaea,FALSE,"marine biome",borehole,sediment,58.70444,-178.56417
DCO_WAL,DCO_WAL_Av6v4--BS_8A,FALSE,v6v4,Archaea,FALSE,"marine biome",borehole,sediment,58.70444,-178.56417
DCO_WAL,DCO_WAL_Bv6v4--BS_5.5_B,FALSE,v6v4,Bacteria,FALSE,"marine biome",borehole,sediment,58.7,-178.56
DCO_WAL,DCO_WAL_Bv6v4--BS_7.5_B,FALSE,v6v4,Bacteria,FALSE,"marine biome",borehole,sediment,58.7,-178.56
DCO_WAL,DCO_WAL_Bv6v4--Bering_1_Bv6v4,FALSE,v6v4,Bacteria,FALSE,"marine biome",borehole,sediment,58.7,-178.56
DCO_WAL,DCO_WAL_Bv6v4--Bering_2_Bv6v4,FALSE,v6v4,Bacteria,FALSE,"marine biome",borehole,sediment,58.7,-178.56
DCO_WAL,DCO_WAL_Bv6v4--Bering_3_Bv6v4,FALSE,v6v4,Bacteria,FALSE,"marine biome",borehole,sediment,58.7,-178.56
DCO_WAL,DCO_WAL_Bv6v4--Bering_4_Bv6v4,FALSE,v6v4,Bacteria,FALSE,"marine biome",borehole,sediment,58.7,-178.56
DCO_WAL,DCO_WAL_Bv6v4--Bering_5_Bv6v4,FALSE,v6v4,Bacteria,FALSE,"marine biome",borehole,sediment,58.7,-178.56
DCO_WAL,DCO_WAL_Bv6v4--Bering_6_Bv6v4,FALSE,v6v4,Bacteria,FALSE,"marine biome",borehole,sediment,58.7,-178.56
DCO_WAL,DCO_WAL_Bv6v4--Bering_7_Bv6v4,FALSE,v6v4,Bacteria,FALSE,"marine biome",borehole,sediment,58.7,-178.56
DCO_WAL,DCO_WAL_Bv6v4--Bering_8_Bv6v4,FALSE,v6v4,Bacteria,FALSE,"marine biome",borehole,sediment,58.7,-178.56
