VAMPS name,adapter_sequence,collection_date,dna_region,domain,env_biome,env_feature,env_material,env_package,geo_loc_name,illumina_index,latitude,longitude,primer_suite,run,sequencing_platform,target_gene,blank_or_control,pH,Temp (C)
DCO_BRZ_Bv4v5--Serp_LC_BB27_Bv4v5,NNNNTGACT,5-Dec-00,v4v5,Bacteria,marine benthic,marine hydrothermal vent,biofilm material,extreme_habitat,Lost City hydrothermal field,TTAGGC,30.123934,42.120154,Bacterial V4-V5 Suite,20130611,illumina,16s,No,null,null
DCO_BRZ_Bv4v5--Serp_LC_BB28_Bv4v5,NNNNTGACT,5-Dec-00,v4v5,Bacteria,marine benthic,marine hydrothermal vent,biofilm material,extreme_habitat,Lost City hydrothermal field,TGACCA,30.123826,42.120621,Bacterial V4-V5 Suite,20130611,illumina,16s,No,null,null
DCO_BRZ_Bv4v5--Serp_LC_BB31,NNNNTGACT,27-Apr-03,v4v5,Bacteria,marine benthic,marine hydrothermal vent,biofilm material,extreme_habitat,Lost City hydrothermal field,GGCTAC,30.12397,42.120113,Bacterial V4-V5 Suite,20140221,illumina,16s,No,10.2,88
DCO_BRZ_Bv4v5--Serp_LC3862_1325,NNNNGACAG,27-Apr-03,v4v5,Bacteria,marine benthic,marine hydrothermal vent,biofilm material,extreme_habitat,Lost City hydrothermal field,TAGCTT,30.123203,42.118972,Bacterial V4-V5 Suite,20130920,illumina,16s,No,null,null
DCO_BRZ_Bv4v5--Serp_LC_BB35,NNNNACTGC,2-May-03,v4v5,Bacteria,marine benthic,marine hydrothermal vent,biofilm material,extreme_habitat,Lost City hydrothermal field,TTAGGC,30.124755,42.119024,Bacterial V4-V5 Suite,20140221,illumina,16s,No,8.7,28
DCO_BRZ_Bv4v5--Serp_LC_BB13,NNNNTGACT,4-May-03,v4v5,Bacteria,marine benthic,marine hydrothermal vent,biofilm material,extreme_habitat,Lost City hydrothermal field,CGATGT,30.123934,42.120154,Bacterial V4-V5 Suite,20140221,illumina,16s,No,10.1,70
DCO_BRZ_Bv4v5--Serp_LC_BB20,NNNNTGACT,4-May-03,v4v5,Bacteria,marine benthic,marine hydrothermal vent,biofilm material,extreme_habitat,Lost City hydrothermal field,CAGATC,30.123934,42.120154,Bacterial V4-V5 Suite,20140221,illumina,16s,No,10.1,70
DCO_BRZ_Bv4v5--Serp_LC_BB21,NNNNTGACT,4-May-03,v4v5,Bacteria,marine benthic,marine hydrothermal vent,biofilm material,extreme_habitat,Lost City hydrothermal field,ACTTGA,30.123934,42.120154,Bacterial V4-V5 Suite,20140221,illumina,16s,No,10.1,70
DCO_BRZ_Bv4v5--Serp_LC_BB22,NNNNTGACT,4-May-03,v4v5,Bacteria,marine benthic,marine hydrothermal vent,biofilm material,extreme_habitat,Lost City hydrothermal field,GATCAG,30.123934,42.120154,Bacterial V4-V5 Suite,20140221,illumina,16s,No,10.1,70
DCO_BRZ_Bv4v5--Serp_LC_BB02_Bv4v5,NNNNCTACT,6-May-03,v4v5,Bacteria,marine benthic,marine hydrothermal vent,biofilm material,extreme_habitat,Lost City hydrothermal field,GGCTAC,30.123961,42.119688,Bacterial V4-V5 Suite,20130611,illumina,16s,No,null,null
DCO_BRZ_Bv4v5--Serp_LC_BB36,NNNNACTGC,6-May-03,v4v5,Bacteria,marine benthic,marine hydrothermal vent,biofilm material,extreme_habitat,Lost City hydrothermal field,TGACCA,30.123961,42.119688,Bacterial V4-V5 Suite,20140221,illumina,16s,No,10.97,55
DCO_BRZ_Bv4v5--Serp_LC_BB33,NNNNACTGC,7-May-03,v4v5,Bacteria,marine benthic,marine hydrothermal vent,biofilm material,extreme_habitat,Lost City hydrothermal field,ATCACG,30.123492,42.120538,Bacterial V4-V5 Suite,20140221,illumina,16s,No,null,null
DCO_BRZ_Bv4v5--Serp_LC_BB46,NNNNACTGC,7-May-03,v4v5,Bacteria,marine benthic,marine hydrothermal vent,biofilm material,extreme_habitat,Lost City hydrothermal field,GATCAG,30.123492,42.118506,Bacterial V4-V5 Suite,20140221,illumina,16s,No,null,null
DCO_BRZ_Bv4v5--Serp_LC_BB49,NNNNACTGC,7-May-03,v4v5,Bacteria,marine benthic,marine hydrothermal vent,biofilm material,extreme_habitat,Lost City hydrothermal field,TAGCTT,30.123465,42.120082,Bacterial V4-V5 Suite,20140221,illumina,16s,No,null,9.9
DCO_BRZ_Bv4v5--Serp_LC_BB14,NNNNTGACT,11-May-03,v4v5,Bacteria,marine benthic,marine hydrothermal vent,biofilm material,extreme_habitat,Lost City hydrothermal field,TTAGGC,30.124259,42.118724,Bacterial V4-V5 Suite,20140221,illumina,16s,No,null,null
DCO_BRZ_Bv4v5--Serp_LC_BB37,NNNNACTGC,11-May-03,v4v5,Bacteria,marine benthic,marine hydrothermal vent,biofilm material,extreme_habitat,Lost City hydrothermal field,ACAGTG,30.124782,42.11863,Bacterial V4-V5 Suite,20140221,illumina,16s,No,null,null
DCO_BRZ_Bv4v5--Serp_LC_BB40,NNNNACTGC,11-May-03,v4v5,Bacteria,marine benthic,marine hydrothermal vent,biofilm material,extreme_habitat,Lost City hydrothermal field,CAGATC,30.12406,42.119107,Bacterial V4-V5 Suite,20140221,illumina,16s,No,null,12.5
DCO_BRZ_Bv4v5--Serp_LC_BB7,NNNNCTACT,11-May-03,v4v5,Bacteria,marine benthic,marine hydrothermal vent,biofilm material,extreme_habitat,Lost City hydrothermal field,GATCAG,30.124078,42.119325,Bacterial V4-V5 Suite,20140221,illumina,16s,No,null,null
DCO_BRZ_Bv4v5--Serp_LC_BB43,NNNNACTGC,13-May-03,v4v5,Bacteria,marine benthic,marine hydrothermal vent,biofilm material,extreme_habitat,Lost City hydrothermal field,ACTTGA,30.123492,42.118506,Bacterial V4-V5 Suite,20140221,illumina,16s,No,null,null
DCO_BRZ_Bv4v5--Serp_LC_BB32,NNNNTGACT,16-May-03,v4v5,Bacteria,marine benthic,marine hydrothermal vent,biofilm material,extreme_habitat,Lost City hydrothermal field,CTTGTA,30.123492,42.118506,Bacterial V4-V5 Suite,20140221,illumina,16s,No,null,null
DCO_BRZ_Bv4v5--Serp_LC_BB41,NNNNATGCT,16-May-03,v4v5,Bacteria,marine benthic,marine hydrothermal vent,biofilm material,extreme_habitat,Lost City hydrothermal field,TTAGGC,30.123492,42.118506,Bacterial V4-V5 Suite,20140221,illumina,16s,No,null,null
DCO_BRZ_Bv4v5--Serp_LC1408,NNNNGTCAC,16-May-03,v4v5,Bacteria,marine benthic,marine hydrothermal vent,biofilm material,extreme_habitat,Lost City hydrothermal field,TAGCTT,30.123203,42.118972,Bacterial V4-V5 Suite,20130920,illumina,16s,No,10.67,88
DCO_BRZ_Bv4v5--Serp_LC_BB03_Bv4v5,NNNNCTACT,26-Jul-05,v4v5,Bacteria,marine benthic,marine hydrothermal vent,biofilm material,extreme_habitat,Lost City hydrothermal field,CTTGTA,30.124358,42.119149,Bacterial V4-V5 Suite,20130611,illumina,16s,No,null,null
DCO_BRZ_Bv4v5--Serp_LC_BB15,NNNNTGACT,26-Jul-05,v4v5,Bacteria,marine benthic,marine hydrothermal vent,biofilm material,extreme_habitat,Lost City hydrothermal field,TGACCA,30.124286,42.119138,Bacterial V4-V5 Suite,20140221,illumina,16s,No,null,null
DCO_BRZ_Bv4v5--Serp_LC_BB4,NNNNCTACT,26-Jul-05,v4v5,Bacteria,marine benthic,marine hydrothermal vent,biofilm material,extreme_habitat,Lost City hydrothermal field,CAGATC,30.124069,42.120019,Bacterial V4-V5 Suite,20140221,illumina,16s,No,null,null
DCO_BRZ_Bv4v5--Serp_LC_BB12,NNNNTGACT,27-Jul-05,v4v5,Bacteria,marine benthic,marine hydrothermal vent,biofilm material,extreme_habitat,Lost City hydrothermal field,ATCACG,30.123871,42.120517,Bacterial V4-V5 Suite,20140221,illumina,16s,No,10.5,null
DCO_BRZ_Bv4v5--Serp_LC_BB10,NNNNCTACT,29-Jul-05,v4v5,Bacteria,marine benthic,marine hydrothermal vent,biofilm material,extreme_habitat,Lost City hydrothermal field,CTTGTA,30.123357,42.1206,Bacterial V4-V5 Suite,20140221,illumina,16s,No,null,null
DCO_BRZ_Bv4v5--Serp_LC_BB10_Bv4v5,NNNNTGACT,29-Jul-05,v4v5,Bacteria,marine benthic,marine hydrothermal vent,biofilm material,extreme_habitat,Lost City hydrothermal field,ATCACG,30.123357,42.1206,Bacterial V4-V5 Suite,20130611,illumina,16s,No,null,null
DCO_BRZ_Bv4v5--Serp_LC_BB25,NNNNTGACT,29-Jul-05,v4v5,Bacteria,marine benthic,marine hydrothermal vent,biofilm material,extreme_habitat,Lost City hydrothermal field,TAGCTT,30.123934,42.120154,Bacterial V4-V5 Suite,20140221,illumina,16s,No,null,null
DCO_BRZ_Bv4v5--Serp_LC_BB8,NNNNCTACT,29-Jul-05,v4v5,Bacteria,marine benthic,marine hydrothermal vent,biofilm material,extreme_habitat,Lost City hydrothermal field,TAGCTT,30.123997,42.118962,Bacterial V4-V5 Suite,20140221,illumina,16s,No,9.76,null
DCO_BRZ_Bv4v5--Serp_LC_BB6,NNNNCTACT,30-Jul-05,v4v5,Bacteria,marine benthic,marine hydrothermal vent,biofilm material,extreme_habitat,Lost City hydrothermal field,ACTTGA,30.123889,42.120061,Bacterial V4-V5 Suite,20140221,illumina,16s,No,10.7,91
DCO_BRZ_Bv4v5--Serp_LC_BB16,NNNNTGACT,31-Jul-05,v4v5,Bacteria,marine benthic,marine hydrothermal vent,biofilm material,extreme_habitat,Lost City hydrothermal field,ACAGTG,30.124286,42.119138,Bacterial V4-V5 Suite,20140221,illumina,16s,No,null,null
DCO_BRZ_Bv4v5--Serp_LC_BB17,NNNNTGACT,31-Jul-05,v4v5,Bacteria,marine benthic,marine hydrothermal vent,biofilm material,extreme_habitat,Lost City hydrothermal field,GCCAAT,30.124178,42.119698,Bacterial V4-V5 Suite,20140221,illumina,16s,No,null,44
DCO_BRZ_Bv4v5--Serp_LC_BB18_Bv4v5,NNNNTGACT,31-Jul-05,v4v5,Bacteria,marine benthic,marine hydrothermal vent,biofilm material,extreme_habitat,Lost City hydrothermal field,CGATGT,30.124178,42.119698,Bacterial V4-V5 Suite,20130611,illumina,16s,No,null,null
DCO_BRZ_Bv4v5--Serp_LC_BB9,NNNNCTACT,31-Jul-05,v4v5,Bacteria,marine benthic,marine hydrothermal vent,biofilm material,extreme_habitat,Lost City hydrothermal field,GGCTAC,30.125314,42.118869,Bacterial V4-V5 Suite,20140221,illumina,16s,No,null,null
DCO_BRZ_Bv4v5--Serp_LC_H08_1_3_Bv4v5,NNNNGACAG,1-Aug-05,v4v5,Bacteria,marine benthic,marine hydrothermal vent,biofilm material,extreme_habitat,Lost City hydrothermal field,CGATGT,30.124051,42.119532,Bacterial V4-V5 Suite,20130611,illumina,16s,No,null,null
DCO_BRZ_Bv4v5--Serp_LC_HO8_2_2_Bv4v5,NNNNCTACT,1-Aug-05,v4v5,Bacteria,marine benthic,marine hydrothermal vent,biofilm material,extreme_habitat,Lost City hydrothermal field,CAGATC,30.124051,42.119532,Bacterial V4-V5 Suite,20130611,illumina,16s,No,null,null
DCO_BRZ_Bv4v5--Serp_LC_HO8_3_2_Bv4v5,NNNNCTACT,1-Aug-05,v4v5,Bacteria,marine benthic,marine hydrothermal vent,biofilm material,extreme_habitat,Lost City hydrothermal field,ACTTGA,30.124051,42.119532,Bacterial V4-V5 Suite,20130611,illumina,16s,No,null,null
DCO_BRZ_Bv4v5--Serp_TL_WHC2B_Aug10,NNNNCTACT,25-Aug-10,v4v5,Bacteria,montane shrubland,alkaline habitat,ground water,extreme_habitat,Tablelands Ophiolite,CTTGTA,49.4653,-57.95763,Bacterial V4-V5 Suite,20130920,illumina,16s,No,null,null
DCO_BRZ_Bv4v5--Serp_CRO_8A_Apr11_Bv4v5,NNNNCTACT,1-Apr-11,v4v5,Bacteria,montane shrubland,alkaline habitat,bore hole water,extreme_habitat,Coast Range Ophiolite Microbial Observatory,TTAGGC,38.862,-122.43,Bacterial V4-V5 Suite,20130611,illumina,16s,No,11.11,15.8
DCO_BRZ_Bv4v5--Serp_CRO_8B_AprC11_Bv4v5,NNNNCTACT,1-Apr-11,v4v5,Bacteria,montane shrubland,alkaline habitat,bore hole water,extreme_habitat,Coast Range Ophiolite Microbial Observatory,ACAGTG,38.86201,-122.43,Bacterial V4-V5 Suite,20130611,illumina,16s,No,11.62,19.4
DCO_BRZ_Bv4v5--Serp_CRO_8B_AprD11_Bv4v5,NNNNCTACT,1-Apr-11,v4v5,Bacteria,montane shrubland,alkaline habitat,bore hole water,extreme_habitat,Coast Range Ophiolite Microbial Observatory,GCCAAT,38.86201,-122.43,Bacterial V4-V5 Suite,20130611,illumina,16s,No,11.62,19.4
DCO_BRZ_Bv4v5--Serp_CRO_N08A_Apr11_Bv4v5,NNNNTGACT,1-Apr-11,v4v5,Bacteria,montane shrubland,alkaline habitat,bore hole water,extreme_habitat,Coast Range Ophiolite Microbial Observatory,GGCTAC,38.862,-122.43,Bacterial V4-V5 Suite,20130611,illumina,16s,No,null,null
DCO_BRZ_Bv4v5--Serp_CRO_Well8B_Apr11_Bv4v5,NNNNACTGC,1-Apr-11,v4v5,Bacteria,montane shrubland,alkaline habitat,bore hole water,extreme_habitat,Coast Range Ophiolite Microbial Observatory,TTAGGC,38.86201,-122.43,Bacterial V4-V5 Suite,20130611,illumina,16s,No,null,null
DCO_BRZ_Bv4v5--CSWold_June11,NNNNGACAG,1-Jun-11,v4v5,Bacteria,montane shrubland,alkaline habitat,bore hole water,extreme_habitat,Coast Range Ophiolite Microbial Observatory,GCCAAT,38.86193,-122.414,Bacterial V4-V5 Suite,20150205,illumina,16s,No,null,null
DCO_BRZ_Bv4v5--Serp_TL_WHC75_DNA2_Jun11_Bv4v5,NNNNATGCT,27-Jun-11,v4v5,Bacteria,montane shrubland,alkaline habitat,ground water,extreme_habitat,Tablelands Ophiolite,ACAGTG,49.4648,-57.9584,Bacterial V4-V5 Suite,20130611,illumina,16s,No,null,null
DCO_BRZ_Bv4v5--Serp_TL_WHC2A_DNA3_Jun11_Bv4v5,NNNNATGCT,28-Jun-11,v4v5,Bacteria,montane shrubland,alkaline habitat,ground water,extreme_habitat,Tablelands Ophiolite,TTAGGC,49.4653,-57.95763,Bacterial V4-V5 Suite,20130611,illumina,16s,No,null,null
DCO_BRZ_Bv4v5--Serp_TL_WHC2C_DNA2_Jun11_Bv4v5,NNNNATGCT,28-Jun-11,v4v5,Bacteria,montane shrubland,alkaline habitat,ground water,extreme_habitat,Tablelands Ophiolite,TGACCA,49.4653,-57.95763,Bacterial V4-V5 Suite,20130611,illumina,16s,No,null,null
DCO_BRZ_Bv4v5--N08A_July11,NNNNGACAG,1-Jul-11,v4v5,Bacteria,montane shrubland,alkaline habitat,bore hole water,extreme_habitat,Coast Range Ophiolite Microbial Observatory,CAGATC,38.862,-122.43,Bacterial V4-V5 Suite,20150205,illumina,16s,No,10.75,null
DCO_BRZ_Bv4v5--N08B_July11,NNNNGACAG,1-Jul-11,v4v5,Bacteria,montane shrubland,alkaline habitat,bore hole water,extreme_habitat,Coast Range Ophiolite Microbial Observatory,ACTTGA,38.86201,-122.43,Bacterial V4-V5 Suite,20150205,illumina,16s,No,11.51,16.6
DCO_BRZ_Bv4v5--Serp_CRO_CSWold2_Jul11_Bv4v5,NNNNATGCT,1-Jul-11,v4v5,Bacteria,montane shrubland,alkaline habitat,bore hole water,extreme_habitat,Coast Range Ophiolite Microbial Observatory,GCCAAT,38.86193,-122.414,Bacterial V4-V5 Suite,20130611,illumina,16s,No,null,null
DCO_BRZ_Bv4v5--Serp_CRO_CSWold3_Jul11_Bv4v5,NNNNATGCT,1-Jul-11,v4v5,Bacteria,montane shrubland,alkaline habitat,bore hole water,extreme_habitat,Coast Range Ophiolite Microbial Observatory,CAGATC,38.86193,-122.414,Bacterial V4-V5 Suite,20130611,illumina,16s,No,null,null
DCO_BRZ_Bv4v5--Serp_CRO_8A_Aug11_Bv4v5,NNNNCTACT,9-Aug-11,v4v5,Bacteria,montane shrubland,alkaline habitat,bore hole water,extreme_habitat,Coast Range Ophiolite Microbial Observatory,TGACCA,38.862,-122.43,Bacterial V4-V5 Suite,20130611,illumina,16s,No,10.7,18.4
DCO_BRZ_Bv4v5--Serp_CRO_CSW_Aug11_Bv4v5,NNNNTGACT,9-Aug-11,v4v5,Bacteria,montane shrubland,alkaline habitat,bore hole water,extreme_habitat,Coast Range Ophiolite Microbial Observatory,CTTGTA,38.86193,-122.414,Bacterial V4-V5 Suite,20130611,illumina,16s,No,null,null
DCO_BRZ_Bv4v5--Serp_CRO_CSWwell_Aug11_Bv4v5,NNNNACTGC,9-Aug-11,v4v5,Bacteria,montane shrubland,alkaline habitat,bore hole water,extreme_habitat,Coast Range Ophiolite Microbial Observatory,ATCACG,38.86193,-122.414,Bacterial V4-V5 Suite,20130611,illumina,16s,No,null,null
DCO_BRZ_Bv4v5--Serp_CRO_N08A_Aug11_Bv4v5,NNNNACTGC,9-Aug-11,v4v5,Bacteria,montane shrubland,alkaline habitat,bore hole water,extreme_habitat,Coast Range Ophiolite Microbial Observatory,CGATGT,38.862,-122.43,Bacterial V4-V5 Suite,20130611,illumina,16s,No,10.7,18.4
DCO_BRZ_Bv4v5--Serp_CRO_tank1_Aug11_Bv4v5,NNNNTGACT,9-Aug-11,v4v5,Bacteria,montane shrubland,alkaline habitat,bore hole water,extreme_habitat,Coast Range Ophiolite Microbial Observatory,TAGCTT,38.862,-122.414,Bacterial V4-V5 Suite,20130611,illumina,16s,Yes,null,null
DCO_BRZ_Bv4v5--Serp_CRO_tank3_Aug11_Bv4v5,NNNNTGACT,9-Aug-11,v4v5,Bacteria,montane shrubland,alkaline habitat,bore hole water,extreme_habitat,Coast Range Ophiolite Microbial Observatory,GATCAG,38.862,-122.414,Bacterial V4-V5 Suite,20130611,illumina,16s,Yes,null,null
DCO_BRZ_Bv4v5--Serp_LIG_GOR1_11_65_Oct11_A2_Bv4v5,NNNNATGCT,18-Oct-11,v4v5,Bacteria,montane shrubland,alkaline habitat,ground water,extreme_habitat,Voltri Massif,GGCTAC,44.597,8.7833,Bacterial V4-V5 Suite,20130611,illumina,16s,No,null,null
DCO_BRZ_Bv4v5--Serp_LIG_PIO14_11_83_Oct11_A2_Bv4v5,NNNNATGCT,18-Oct-11,v4v5,Bacteria,montane shrubland,alkaline habitat,ground water,extreme_habitat,Voltri Massif,CTTGTA,44.5972,8.7294,Bacterial V4-V5 Suite,20130611,illumina,16s,No,null,null
DCO_BRZ_Bv4v5--Serp_LIG_L43_upstream_Oct11_Bv4v5,NNNNCGACG,19-Oct-11,v4v5,Bacteria,montane shrubland,alkaline habitat,ground water,extreme_habitat,Voltri Massif,CTTGTA,44.4584,8.7688,Bacterial V4-V5 Suite,20130611,illumina,16s,No,9,12.1
DCO_BRZ_Bv4v5--Serp_LIG_LER20_11_117_Oct11_A2_Bv4v5,NNNNATGCT,20-Oct-11,v4v5,Bacteria,montane shrubland,alkaline habitat,ground water,extreme_habitat,Voltri Massif,TAGCTT,44.4214,8.6564,Bacterial V4-V5 Suite,20130611,illumina,16s,No,null,null
DCO_BRZ_Bv4v5--Serp_LIG_LER20_lipids2011_Bv4v5,NNNNCTACT,20-Oct-11,v4v5,Bacteria,montane shrubland,alkaline habitat,ground water,extreme_habitat,Voltri Massif,CGATGT,44.4214,8.6564,Bacterial V4-V5 Suite,20130611,illumina,16s,No,null,null
DCO_BRZ_Bv4v5--Serp_LIG_LER20_LS11_127_Oct11,NNNNTGACT,20-Oct-11,v4v5,Bacteria,montane shrubland,alkaline habitat,ground water,extreme_habitat,Voltri Massif,CTTGTA,44.4214,8.6564,Bacterial V4-V5 Suite,20130920,illumina,16s,No,null,null
DCO_BRZ_Bv4v5--Serp_CRO_CSWold_11_11_Bv4v5,NNNNTACGC,1-Nov-11,v4v5,Bacteria,montane shrubland,alkaline habitat,bore hole water,extreme_habitat,Coast Range Ophiolite Microbial Observatory,ATCACG,38.86193,-122.414,Bacterial V4-V5 Suite,20130611,illumina,16s,No,9.88,null
DCO_BRZ_Bv4v5--CSWold_Mar12,NNNNGACAG,17-Mar-12,v4v5,Bacteria,montane shrubland,alkaline habitat,bore hole water,extreme_habitat,Coast Range Ophiolite Microbial Observatory,TAGCTT,38.86193,-122.414,Bacterial V4-V5 Suite,20150205,illumina,16s,No,9.76,null
DCO_BRZ_Bv4v5--Serp_CRO_CSW11ABCD_Jun12_Bv4v5,NNNNATGCT,25-Jun-12,v4v5,Bacteria,montane shrubland,alkaline habitat,bore hole water,extreme_habitat,Coast Range Ophiolite Microbial Observatory,ACTTGA,38.862,-122.414,Bacterial V4-V5 Suite,20130611,illumina,16s,No,null,null
DCO_BRZ_Bv4v5--Serp_LIG_BR2_back1_Jun12_Bv4v5,NNNNCGACG,30-Jun-12,v4v5,Bacteria,montane shrubland,alkaline habitat,ground water,extreme_habitat,Voltri Massif,GATCAG,44.4512,8.782,Bacterial V4-V5 Suite,20130611,illumina,16s,No,8.06,18.7
DCO_BRZ_Bv4v5--Serp_LIG_BR2_back2_Jun12_Bv4v5,NNNNCGACG,30-Jun-12,v4v5,Bacteria,montane shrubland,alkaline habitat,ground water,extreme_habitat,Voltri Massif,TAGCTT,44.4512,8.782,Bacterial V4-V5 Suite,20130611,illumina,16s,No,8.06,18.7
DCO_BRZ_Bv4v5--Serp_LIG_Gor_upA_Jul12_Bv4v5,NNNNCGACG,1-Jul-12,v4v5,Bacteria,montane shrubland,alkaline habitat,ground water,extreme_habitat,Voltri Massif,GGCTAC,44.597,8.7833,Bacterial V4-V5 Suite,20130611,illumina,16s,No,9.34,22.9
DCO_BRZ_Bv4v5--Serp_LIG_Gor_upB_Jul12_Bv4v5,NNNNCTACT,1-Jul-12,v4v5,Bacteria,montane shrubland,alkaline habitat,ground water,extreme_habitat,Voltri Massif,ATCACG,44.597,8.7833,Bacterial V4-V5 Suite,20130611,illumina,16s,No,9.34,22.9
DCO_BRZ_Bv4v5--N08Aa_Aug12,NNNNATGCT,19-Aug-12,v4v5,Bacteria,montane shrubland,alkaline habitat,bore hole water,extreme_habitat,Coast Range Ophiolite Microbial Observatory,ATCACG,38.862,-122.43,Bacterial V4-V5 Suite,20150205,illumina,16s,No,10.52,16.2
DCO_BRZ_Bv4v5--N08Ba_Aug12,NNNNATGCT,19-Aug-12,v4v5,Bacteria,montane shrubland,alkaline habitat,bore hole water,extreme_habitat,Coast Range Ophiolite Microbial Observatory,CGATGT,38.86201,-122.43,Bacterial V4-V5 Suite,20150205,illumina,16s,No,10.81,16.2
DCO_BRZ_Bv4v5--N08Bb_Aug12,NNNNATGCT,19-Aug-12,v4v5,Bacteria,montane shrubland,alkaline habitat,bore hole water,extreme_habitat,Coast Range Ophiolite Microbial Observatory,CTTGTA,38.86201,-122.43,Bacterial V4-V5 Suite,20150205,illumina,16s,No,10.81,16.2
DCO_BRZ_Bv4v5--N08Bc_Aug12,NNNNATGCT,19-Aug-12,v4v5,Bacteria,montane shrubland,alkaline habitat,bore hole water,extreme_habitat,Coast Range Ophiolite Microbial Observatory,GGCTAC,38.86201,-122.43,Bacterial V4-V5 Suite,20150205,illumina,16s,No,10.8,16
DCO_BRZ_Bv4v5--N1A_Aug12,NNNNGACAG,19-Aug-12,v4v5,Bacteria,montane shrubland,alkaline habitat,bore hole water,extreme_habitat,Coast Range Ophiolite Microbial Observatory,GGCTAC,38.882,-122.478,Bacterial V4-V5 Suite,20150205,illumina,16s,No,6.91,17.2
DCO_BRZ_Bv4v5--N5A_Aug12,NNNNGACAG,19-Aug-12,v4v5,Bacteria,montane shrubland,alkaline habitat,bore hole water,extreme_habitat,Coast Range Ophiolite Microbial Observatory,CTTGTA,38.871,-122.428,Bacterial V4-V5 Suite,20150205,illumina,16s,No,9.16,16.7
DCO_BRZ_Bv4v5--Serp_CRO_QV13A_Aug12_Bv4v5,NNNNATGCT,19-Aug-12,v4v5,Bacteria,montane shrubland,alkaline habitat,bore hole water,extreme_habitat,Coast Range Ophiolite Microbial Observatory,GATCAG,38.862,-122.43006,Bacterial V4-V5 Suite,20130611,illumina,16s,No,10.13,16.9
DCO_BRZ_Bv4v5--Serp_CRO_CSW1_1A_Mar13,NNNNACTGC,26-Mar-13,v4v5,Bacteria,montane shrubland,alkaline habitat,bore hole water,extreme_habitat,Coast Range Ophiolite Microbial Observatory,TAGCTT,38.862,-122.414,Bacterial V4-V5 Suite,20130920,illumina,16s,No,12.17,14.85
DCO_BRZ_Bv4v5--Serp_CRO_CSW1_2A_Mar13,NNNNGACAG,26-Mar-13,v4v5,Bacteria,montane shrubland,alkaline habitat,bore hole water,extreme_habitat,Coast Range Ophiolite Microbial Observatory,ACTTGA,38.862,-122.414,Bacterial V4-V5 Suite,20130920,illumina,16s,No,8.68,14.8
DCO_BRZ_Bv4v5--Serp_CRO_CSW1_3B_Mar13,NNNNATGCT,26-Mar-13,v4v5,Bacteria,montane shrubland,alkaline habitat,bore hole water,extreme_habitat,Coast Range Ophiolite Microbial Observatory,ACTTGA,38.862,-122.414,Bacterial V4-V5 Suite,20130920,illumina,16s,No,10.08,15.19
DCO_BRZ_Bv4v5--Serp_CRO_CSW1_4A_Mar13,NNNNGTCAC,26-Mar-13,v4v5,Bacteria,montane shrubland,alkaline habitat,bore hole water,extreme_habitat,Coast Range Ophiolite Microbial Observatory,ACTTGA,38.862,-122.414,Bacterial V4-V5 Suite,20130920,illumina,16s,No,7.77,14.23
DCO_BRZ_Bv4v5--Serp_CRO_CSW1_5A_Mar13,NNNNCGACG,26-Mar-13,v4v5,Bacteria,montane shrubland,alkaline habitat,bore hole water,extreme_habitat,Coast Range Ophiolite Microbial Observatory,GATCAG,38.862,-122.414,Bacterial V4-V5 Suite,20130920,illumina,16s,No,9.34,15.24
DCO_BRZ_Bv4v5--Serp_CRO_CSWoldA_Mar13,NNNNGTCAC,26-Mar-13,v4v5,Bacteria,montane shrubland,alkaline habitat,bore hole water,extreme_habitat,Coast Range Ophiolite Microbial Observatory,GATCAG,38.86193,-122.414,Bacterial V4-V5 Suite,20130920,illumina,16s,No,9.84,17.74
DCO_BRZ_Bv4v5--Serp_CRO_CSWoldB_Mar13,NNNNGACAG,26-Mar-13,v4v5,Bacteria,montane shrubland,alkaline habitat,bore hole water,extreme_habitat,Coast Range Ophiolite Microbial Observatory,GATCAG,38.86193,-122.414,Bacterial V4-V5 Suite,20130920,illumina,16s,No,9.84,17.74
DCO_BRZ_Bv4v5--Serp_CRO_CSWoldT0_Mar13,NNNNATGCT,26-Mar-13,v4v5,Bacteria,montane shrubland,alkaline habitat,bore hole water,extreme_habitat,Coast Range Ophiolite Microbial Observatory,GATCAG,38.86193,-122.414,Bacterial V4-V5 Suite,20130920,illumina,16s,No,9.84,17.74
DCO_BRZ_Bv4v5--Serp_CRO_N08AB_Mar13,NNNNCTACT,26-Mar-13,v4v5,Bacteria,montane shrubland,alkaline habitat,bore hole water,extreme_habitat,Coast Range Ophiolite Microbial Observatory,GATCAG,38.862,-122.43,Bacterial V4-V5 Suite,20130920,illumina,16s,No,10.73,14.57
DCO_BRZ_Bv4v5--Serp_CRO_N08BA_Mar13,NNNNTACGC,26-Mar-13,v4v5,Bacteria,montane shrubland,alkaline habitat,bore hole water,extreme_habitat,Coast Range Ophiolite Microbial Observatory,TAGCTT,38.86201,-122.43,Bacterial V4-V5 Suite,20130920,illumina,16s,No,10.87,14.65
DCO_BRZ_Bv4v5--Serp_CRO_N08BB_Mar13,NNNNCGACG,26-Mar-13,v4v5,Bacteria,montane shrubland,alkaline habitat,bore hole water,extreme_habitat,Coast Range Ophiolite Microbial Observatory,TAGCTT,38.86201,-122.43,Bacterial V4-V5 Suite,20130920,illumina,16s,No,10.87,14.65
DCO_BRZ_Bv4v5--Serp_CRO_N08CA_Mar13,NNNNTGACT,26-Mar-13,v4v5,Bacteria,montane shrubland,alkaline habitat,bore hole water,extreme_habitat,Coast Range Ophiolite Microbial Observatory,GATCAG,38.86202,-122.43,Bacterial V4-V5 Suite,20130920,illumina,16s,No,7.41,14.56
DCO_BRZ_Bv4v5--Serp_CRO_N08T0_Mar13,NNNNCTACT,26-Mar-13,v4v5,Bacteria,montane shrubland,alkaline habitat,bore hole water,extreme_habitat,Coast Range Ophiolite Microbial Observatory,TAGCTT,38.862,-122.43,Bacterial V4-V5 Suite,20130920,illumina,16s,No,10.87,14.65
DCO_BRZ_Bv4v5--Serp_CRO_QV1_1A_Mar13,NNNNTGACT,26-Mar-13,v4v5,Bacteria,montane shrubland,alkaline habitat,bore hole water,extreme_habitat,Coast Range Ophiolite Microbial Observatory,TAGCTT,38.862,-122.43006,Bacterial V4-V5 Suite,20130920,illumina,16s,No,11.41,15.36
DCO_BRZ_Bv4v5--Serp_CRO_QV1_2B_Mar13,NNNNTACGC,26-Mar-13,v4v5,Bacteria,montane shrubland,alkaline habitat,bore hole water,extreme_habitat,Coast Range Ophiolite Microbial Observatory,GATCAG,38.862,-122.43006,Bacterial V4-V5 Suite,20130920,illumina,16s,No,7.02,15.8
DCO_BRZ_Bv4v5--Serp_CRO_QV1_3B_Mar13,NNNNACTGC,26-Mar-13,v4v5,Bacteria,montane shrubland,alkaline habitat,bore hole water,extreme_habitat,Coast Range Ophiolite Microbial Observatory,GATCAG,38.862,-122.43006,Bacterial V4-V5 Suite,20130920,illumina,16s,No,9.43,16
DCO_BRZ_Bv4v5--CRO_CSW1_1A_Aug13,NNNNTACGC,8-Aug-13,v4v5,Bacteria,montane shrubland,alkaline habitat,bore hole water,extreme_habitat,Coast Range Ophiolite Microbial Observatory,GCCAAT,38.862,-122.414,Bacterial V4-V5 Suite,20150205,illumina,16s,No,12.39,16.16
DCO_BRZ_Bv4v5--CRO_CSW1_1B_Aug13,NNNNTACGC,8-Aug-13,v4v5,Bacteria,montane shrubland,alkaline habitat,bore hole water,extreme_habitat,Coast Range Ophiolite Microbial Observatory,CAGATC,38.862,-122.414,Bacterial V4-V5 Suite,20150205,illumina,16s,No,12.39,16.16
DCO_BRZ_Bv4v5--CRO_CSW1_1C_Aug13,NNNNTACGC,8-Aug-13,v4v5,Bacteria,montane shrubland,alkaline habitat,bore hole water,extreme_habitat,Coast Range Ophiolite Microbial Observatory,ACTTGA,38.862,-122.414,Bacterial V4-V5 Suite,20150205,illumina,16s,No,12.39,16.16
DCO_BRZ_Bv4v5--CRO_CSW1_3A_Aug13,NNNNTACGC,8-Aug-13,v4v5,Bacteria,montane shrubland,alkaline habitat,bore hole water,extreme_habitat,Coast Range Ophiolite Microbial Observatory,GATCAG,38.862,-122.41402,Bacterial V4-V5 Suite,20150205,illumina,16s,No,10.2,16.51
DCO_BRZ_Bv4v5--CRO_CSW1_3B_Aug13,NNNNTACGC,8-Aug-13,v4v5,Bacteria,montane shrubland,alkaline habitat,bore hole water,extreme_habitat,Coast Range Ophiolite Microbial Observatory,TAGCTT,38.862,-122.41402,Bacterial V4-V5 Suite,20150205,illumina,16s,No,10.2,16.51
DCO_BRZ_Bv4v5--CRO_CSW1_3C_Aug13,NNNNTACGC,8-Aug-13,v4v5,Bacteria,montane shrubland,alkaline habitat,bore hole water,extreme_habitat,Coast Range Ophiolite Microbial Observatory,GGCTAC,38.862,-122.41402,Bacterial V4-V5 Suite,20150205,illumina,16s,No,10.2,16.51
DCO_BRZ_Bv4v5--CRO_QV1_1A_Aug13,NNNNTACGC,8-Aug-13,v4v5,Bacteria,montane shrubland,alkaline habitat,bore hole water,extreme_habitat,Coast Range Ophiolite Microbial Observatory,CTTGTA,38.862,-122.43006,Bacterial V4-V5 Suite,20150205,illumina,16s,No,11.64,16.36
DCO_BRZ_Bv4v5--CRO_QV1_1B_Aug13,NNNNCGACG,8-Aug-13,v4v5,Bacteria,montane shrubland,alkaline habitat,bore hole water,extreme_habitat,Coast Range Ophiolite Microbial Observatory,ATCACG,38.862,-122.43006,Bacterial V4-V5 Suite,20150205,illumina,16s,No,11.64,16.36
DCO_BRZ_Bv4v5--CRO_QV1_1C_Aug13,NNNNCGACG,8-Aug-13,v4v5,Bacteria,montane shrubland,alkaline habitat,bore hole water,extreme_habitat,Coast Range Ophiolite Microbial Observatory,CGATGT,38.862,-122.43006,Bacterial V4-V5 Suite,20150205,illumina,16s,No,11.64,16.36
DCO_BRZ_Bv4v5--CRO_QV1_2A_Aug13,NNNNCGACG,8-Aug-13,v4v5,Bacteria,montane shrubland,alkaline habitat,bore hole water,extreme_habitat,Coast Range Ophiolite Microbial Observatory,TTAGGC,38.86202,-122.43006,Bacterial V4-V5 Suite,20150205,illumina,16s,No,9.07,16.63
DCO_BRZ_Bv4v5--CRO_QV1_2B_Aug13,NNNNCGACG,8-Aug-13,v4v5,Bacteria,montane shrubland,alkaline habitat,bore hole water,extreme_habitat,Coast Range Ophiolite Microbial Observatory,TGACCA,38.86202,-122.43006,Bacterial V4-V5 Suite,20150205,illumina,16s,No,9.07,16.63
DCO_BRZ_Bv4v5--CRO_QV1_2C_Aug13,NNNNCGACG,8-Aug-13,v4v5,Bacteria,montane shrubland,alkaline habitat,bore hole water,extreme_habitat,Coast Range Ophiolite Microbial Observatory,ACAGTG,38.86202,-122.43006,Bacterial V4-V5 Suite,20150205,illumina,16s,No,9.07,16.63
DCO_BRZ_Bv4v5--CSWold_A_Aug13,NNNNATGCT,8-Aug-13,v4v5,Bacteria,montane shrubland,alkaline habitat,bore hole water,extreme_habitat,Coast Range Ophiolite Microbial Observatory,TTAGGC,38.86193,-122.414,Bacterial V4-V5 Suite,20150205,illumina,16s,No,9.82,18.18
DCO_BRZ_Bv4v5--N08A_B_Aug13,NNNNATGCT,8-Aug-13,v4v5,Bacteria,montane shrubland,alkaline habitat,bore hole water,extreme_habitat,Coast Range Ophiolite Microbial Observatory,ACAGTG,38.862,-122.43,Bacterial V4-V5 Suite,20150205,illumina,16s,No,10.37,17.99
DCO_BRZ_Bv4v5--N08B_A_Aug13,NNNNATGCT,8-Aug-13,v4v5,Bacteria,montane shrubland,alkaline habitat,bore hole water,extreme_habitat,Coast Range Ophiolite Microbial Observatory,TGACCA,38.86201,-122.43,Bacterial V4-V5 Suite,20150205,illumina,16s,No,10.98,16.03
DCO_BRZ_Bv4v5--N08C_A_Aug13,NNNNATGCT,8-Aug-13,v4v5,Bacteria,montane shrubland,alkaline habitat,bore hole water,extreme_habitat,Coast Range Ophiolite Microbial Observatory,GCCAAT,38.86202,-122.43,Bacterial V4-V5 Suite,20150205,illumina,16s,No,7.55,14.99
DCO_BRZ_Bv4v5--Serp_Lig_GOR1AB_2013,NNNNATGCT,24-Aug-13,v4v5,Bacteria,montane shrubland,alkaline habitat,ground water,extreme_habitat,Voltri Massif,GGCTAC,44.597,8.7833,Bacterial V4-V5 Suite,20140221,illumina,16s,No,12.06,20.5
DCO_BRZ_Bv4v5--Serp_Lig_GOR1CDEF_2013,NNNNATGCT,24-Aug-13,v4v5,Bacteria,montane shrubland,alkaline habitat,ground water,extreme_habitat,Voltri Massif,CTTGTA,44.597,8.7833,Bacterial V4-V5 Suite,20140221,illumina,16s,No,12.25,20
DCO_BRZ_Bv4v5--Serp_Lig_GORupA_2013,NNNNATGCT,24-Aug-13,v4v5,Bacteria,montane shrubland,alkaline habitat,ground water,extreme_habitat,Voltri Massif,GATCAG,44.597,8.7833,Bacterial V4-V5 Suite,20140221,illumina,16s,No,9.5,21.9
DCO_BRZ_Bv4v5--Serp_Lig_GORupB_2013,NNNNATGCT,24-Aug-13,v4v5,Bacteria,montane shrubland,alkaline habitat,ground water,extreme_habitat,Voltri Massif,TAGCTT,44.597,8.7833,Bacterial V4-V5 Suite,20140221,illumina,16s,No,9.26,22.4
DCO_BRZ_Bv4v5--CSWold_A_Dec13,NNNNATGCT,15-Dec-13,v4v5,Bacteria,montane shrubland,alkaline habitat,bore hole water,extreme_habitat,Coast Range Ophiolite Microbial Observatory,CAGATC,38.86193,-122.414,Bacterial V4-V5 Suite,20150205,illumina,16s,No,9.36,17.9
DCO_BRZ_Bv4v5--N08A_A_Dec13,NNNNATGCT,15-Dec-13,v4v5,Bacteria,montane shrubland,alkaline habitat,bore hole water,extreme_habitat,Coast Range Ophiolite Microbial Observatory,ACTTGA,38.862,-122.43,Bacterial V4-V5 Suite,20150205,illumina,16s,No,10.17,15.34
DCO_BRZ_Bv4v5--N08B_A_Dec13,NNNNATGCT,15-Dec-13,v4v5,Bacteria,montane shrubland,alkaline habitat,bore hole water,extreme_habitat,Coast Range Ophiolite Microbial Observatory,GATCAG,38.86201,-122.43,Bacterial V4-V5 Suite,20150205,illumina,16s,No,10.55,15.03
DCO_BRZ_Bv4v5--N08C_A_Dec13,NNNNATGCT,15-Dec-13,v4v5,Bacteria,montane shrubland,alkaline habitat,bore hole water,extreme_habitat,Coast Range Ophiolite Microbial Observatory,TAGCTT,38.86202,-122.43,Bacterial V4-V5 Suite,20150205,illumina,16s,No,8.67,15.1
DCO_BRZ_Bv4v5--CRO_CSW1_1A_Jul14,NNNNCGACG,22-Jul-14,v4v5,Bacteria,montane shrubland,alkaline habitat,bore hole water,extreme_habitat,Coast Range Ophiolite Microbial Observatory,GCCAAT,38.862,-122.414,Bacterial V4-V5 Suite,20150205,illumina,16s,No,12.05,15.75
DCO_BRZ_Bv4v5--CRO_CSW1_1B_Jul14,NNNNCGACG,22-Jul-14,v4v5,Bacteria,montane shrubland,alkaline habitat,bore hole water,extreme_habitat,Coast Range Ophiolite Microbial Observatory,CAGATC,38.862,-122.414,Bacterial V4-V5 Suite,20150205,illumina,16s,No,12.32,16.31
DCO_BRZ_Bv4v5--CRO_CSW1_1C_Jul14,NNNNCGACG,22-Jul-14,v4v5,Bacteria,montane shrubland,alkaline habitat,bore hole water,extreme_habitat,Coast Range Ophiolite Microbial Observatory,ACTTGA,38.862,-122.414,Bacterial V4-V5 Suite,20150205,illumina,16s,No,12.32,16.31
DCO_BRZ_Bv4v5--CRO_CSW1_3A_Jul14,NNNNCGACG,22-Jul-14,v4v5,Bacteria,montane shrubland,alkaline habitat,bore hole water,extreme_habitat,Coast Range Ophiolite Microbial Observatory,GATCAG,38.862,-122.41402,Bacterial V4-V5 Suite,20150205,illumina,16s,No,10.29,15.60
DCO_BRZ_Bv4v5--CRO_CSW1_3B_Jul14,NNNNCGACG,22-Jul-14,v4v5,Bacteria,montane shrubland,alkaline habitat,bore hole water,extreme_habitat,Coast Range Ophiolite Microbial Observatory,TAGCTT,38.862,-122.41402,Bacterial V4-V5 Suite,20150205,illumina,16s,No,10.29,15.60
DCO_BRZ_Bv4v5--CRO_QV1_1A_Jul14,NNNNCGACG,22-Jul-14,v4v5,Bacteria,montane shrubland,alkaline habitat,bore hole water,extreme_habitat,Coast Range Ophiolite Microbial Observatory,GGCTAC,38.862,-122.43006,Bacterial V4-V5 Suite,20150205,illumina,16s,No,11.47,17.53
DCO_BRZ_Bv4v5--CRO_QV1_1B_Jul14,NNNNCGACG,22-Jul-14,v4v5,Bacteria,montane shrubland,alkaline habitat,bore hole water,extreme_habitat,Coast Range Ophiolite Microbial Observatory,CTTGTA,38.862,-122.43006,Bacterial V4-V5 Suite,20150205,illumina,16s,No,11.51,17.44
DCO_BRZ_Bv4v5--CRO_QV1_1C_Jul14,NNNNCTACT,22-Jul-14,v4v5,Bacteria,montane shrubland,alkaline habitat,bore hole water,extreme_habitat,Coast Range Ophiolite Microbial Observatory,ATCACG,38.862,-122.43006,Bacterial V4-V5 Suite,20150205,illumina,16s,No,11.51,17.44
DCO_BRZ_Bv4v5--CRO_QV1_2A_Jul14,NNNNCTACT,22-Jul-14,v4v5,Bacteria,montane shrubland,alkaline habitat,bore hole water,extreme_habitat,Coast Range Ophiolite Microbial Observatory,CGATGT,38.86202,-122.43006,Bacterial V4-V5 Suite,20150205,illumina,16s,No,9.43,16.91
DCO_BRZ_Bv4v5--CRO_QV1_2B_Jul14,NNNNCTACT,22-Jul-14,v4v5,Bacteria,montane shrubland,alkaline habitat,bore hole water,extreme_habitat,Coast Range Ophiolite Microbial Observatory,TTAGGC,38.86202,-122.43006,Bacterial V4-V5 Suite,20150205,illumina,16s,No,9.43,16.91